activity_comment,activity_id,activity_properties,assay_chembl_id,assay_description,assay_type,assay_variant_accession,assay_variant_mutation,bao_endpoint,bao_format,bao_label,canonical_smiles,data_validity_comment,data_validity_description,document_chembl_id,document_journal,document_year,ligand_efficiency,molecule_chembl_id,molecule_pref_name,parent_molecule_chembl_id,pchembl_value,potential_duplicate,qudt_units,record_id,relation,src_id,standard_flag,standard_relation,standard_text_value,standard_type,standard_units,standard_upper_value,standard_value,target_chembl_id,target_organism,target_pref_name,target_tax_id,text_value,toid,type,units,uo_units,upper_value,value
Not Active,758795,[],CHEMBL674117,Binding towards dopamine transporter; NA- Not active,B,,,BAO_0000375,BAO_0000357,single protein format,CCN(C)C1CCCc2ccncc21.O=C(O)/C=C\C(=O)O.O=C(O)/C=C\C(=O)O,,,CHEMBL1146789,Bioorg. Med. Chem. Lett.,2004,,CHEMBL1794855,,CHEMBL442400,,0,,230361,,1,0,,,Activity,,,,CHEMBL238,Homo sapiens,Dopamine transporter,9606,,,Activity,,,,
,1613707,[],CHEMBL872324,Percentage displacement of [3H]WIN-35428 radioligand from dopamine transporter at concentration of 1000 nM,B,,,BAO_0001103,BAO_0000357,single protein format,CNCCC1Cc2ccccc2N(c2ccccc2)C1=O,,,CHEMBL1140387,Bioorg. Med. Chem. Lett.,2005,,CHEMBL194310,,CHEMBL194310,,0,http://qudt.org/vocab/unit#Percent,403905,=,1,0,=,,Activity,%,,13.0,CHEMBL238,Homo sapiens,Dopamine transporter,9606,,,Activity,%,UO_0000187,,13.0
,1613712,[],CHEMBL872324,Percentage displacement of [3H]WIN-35428 radioligand from dopamine transporter at concentration of 1000 nM,B,,,BAO_0001103,BAO_0000357,single protein format,CNCCC1Cc2ccccc2N(c2ccccc2)C1=O,,,CHEMBL1140387,Bioorg. Med. Chem. Lett.,2005,,CHEMBL194310,,CHEMBL194310,,0,http://qudt.org/vocab/unit#Percent,403906,=,1,0,=,,Activity,%,,9.0,CHEMBL238,Homo sapiens,Dopamine transporter,9606,,,Activity,%,UO_0000187,,9.0
,1613717,[],CHEMBL872324,Percentage displacement of [3H]WIN-35428 radioligand from dopamine transporter at concentration of 1000 nM,B,,,BAO_0001103,BAO_0000357,single protein format,CNCCCC1Cc2ccccc2N(c2ccccc2)C1=O,,,CHEMBL1140387,Bioorg. Med. Chem. Lett.,2005,,CHEMBL196365,,CHEMBL196365,,0,http://qudt.org/vocab/unit#Percent,403907,=,1,0,=,,Activity,%,,11.0,CHEMBL238,Homo sapiens,Dopamine transporter,9606,,,Activity,%,UO_0000187,,11.0
,1613722,[],CHEMBL872324,Percentage displacement of [3H]WIN-35428 radioligand from dopamine transporter at concentration of 1000 nM,B,,,BAO_0001103,BAO_0000357,single protein format,CNCCCC1Cc2ccccc2N(c2ccccc2)C1=O,,,CHEMBL1140387,Bioorg. Med. Chem. Lett.,2005,,CHEMBL196365,,CHEMBL196365,,0,http://qudt.org/vocab/unit#Percent,403908,=,1,0,=,,Activity,%,,5.0,CHEMBL238,Homo sapiens,Dopamine transporter,9606,,,Activity,%,UO_0000187,,5.0
,1613727,[],CHEMBL872324,Percentage displacement of [3H]WIN-35428 radioligand from dopamine transporter at concentration of 1000 nM,B,,,BAO_0001103,BAO_0000357,single protein format,CNCCCCC1Cc2ccccc2N(c2ccccc2)C1=O,,,CHEMBL1140387,Bioorg. Med. Chem. Lett.,2005,,CHEMBL198655,,CHEMBL198655,,0,http://qudt.org/vocab/unit#Percent,403909,=,1,0,=,,Activity,%,,12.0,CHEMBL238,Homo sapiens,Dopamine transporter,9606,,,Activity,%,UO_0000187,,12.0
,1613733,[],CHEMBL872324,Percentage displacement of [3H]WIN-35428 radioligand from dopamine transporter at concentration of 1000 nM,B,,,BAO_0001103,BAO_0000357,single protein format,CNCCCC1Cc2ccccc2N(c2ccccc2)C1=O,,,CHEMBL1140387,Bioorg. Med. Chem. Lett.,2005,,CHEMBL196365,,CHEMBL196365,,0,http://qudt.org/vocab/unit#Percent,403910,=,1,0,=,,Activity,%,,24.0,CHEMBL238,Homo sapiens,Dopamine transporter,9606,,,Activity,%,UO_0000187,,24.0
,1613738,[],CHEMBL872324,Percentage displacement of [3H]WIN-35428 radioligand from dopamine transporter at concentration of 1000 nM,B,,,BAO_0001103,BAO_0000357,single protein format,CNCCCC1Cc2ccccc2N(c2cccc(F)c2)C1=O,,,CHEMBL1140387,Bioorg. Med. Chem. Lett.,2005,,CHEMBL196368,,CHEMBL196368,,0,http://qudt.org/vocab/unit#Percent,403911,=,1,0,=,,Activity,%,,10.0,CHEMBL238,Homo sapiens,Dopamine transporter,9606,,,Activity,%,UO_0000187,,10.0
,1613743,[],CHEMBL872324,Percentage displacement of [3H]WIN-35428 radioligand from dopamine transporter at concentration of 1000 nM,B,,,BAO_0001103,BAO_0000357,single protein format,CNCCCC1Cc2ccccc2N(c2cccc(Cl)c2)C1=O,,,CHEMBL1140387,Bioorg. Med. Chem. Lett.,2005,,CHEMBL194574,,CHEMBL194574,,0,http://qudt.org/vocab/unit#Percent,403912,=,1,0,=,,Activity,%,,64.0,CHEMBL238,Homo sapiens,Dopamine transporter,9606,,,Activity,%,UO_0000187,,64.0
,1613750,[],CHEMBL872324,Percentage displacement of [3H]WIN-35428 radioligand from dopamine transporter at concentration of 1000 nM,B,,,BAO_0001103,BAO_0000357,single protein format,CNCCCC1(C)Cc2ccccc2N(c2ccccc2)C1=O,,,CHEMBL1140387,Bioorg. Med. Chem. Lett.,2005,,CHEMBL194205,,CHEMBL194205,,0,http://qudt.org/vocab/unit#Percent,403914,=,1,0,=,,Activity,%,,10.0,CHEMBL238,Homo sapiens,Dopamine transporter,9606,,,Activity,%,UO_0000187,,10.0
,1613755,[],CHEMBL872324,Percentage displacement of [3H]WIN-35428 radioligand from dopamine transporter at concentration of 1000 nM,B,,,BAO_0001103,BAO_0000357,single protein format,CNCCCC1(C)Cc2ccccc2N(c2cccc(C)c2)C1=O,,,CHEMBL1140387,Bioorg. Med. Chem. Lett.,2005,,CHEMBL370063,,CHEMBL370063,,0,http://qudt.org/vocab/unit#Percent,403915,=,1,0,=,,Activity,%,,9.0,CHEMBL238,Homo sapiens,Dopamine transporter,9606,,,Activity,%,UO_0000187,,9.0
,1613760,[],CHEMBL872324,Percentage displacement of [3H]WIN-35428 radioligand from dopamine transporter at concentration of 1000 nM,B,,,BAO_0001103,BAO_0000357,single protein format,CNCCCC1Cc2ccccc2N(c2ccc(F)cc2)C1=O,,,CHEMBL1140387,Bioorg. Med. Chem. Lett.,2005,,CHEMBL194907,,CHEMBL194907,,0,http://qudt.org/vocab/unit#Percent,403916,=,1,0,=,,Activity,%,,5.0,CHEMBL238,Homo sapiens,Dopamine transporter,9606,,,Activity,%,UO_0000187,,5.0
,1613765,[],CHEMBL872324,Percentage displacement of [3H]WIN-35428 radioligand from dopamine transporter at concentration of 1000 nM,B,,,BAO_0001103,BAO_0000357,single protein format,CNCCCC1Cc2ccccc2N(c2ccc(Cl)cc2)C1=O,,,CHEMBL1140387,Bioorg. Med. Chem. Lett.,2005,,CHEMBL197643,,CHEMBL197643,,0,http://qudt.org/vocab/unit#Percent,403917,=,1,0,=,,Activity,%,,50.0,CHEMBL238,Homo sapiens,Dopamine transporter,9606,,,Activity,%,UO_0000187,,50.0
,1613770,[],CHEMBL872324,Percentage displacement of [3H]WIN-35428 radioligand from dopamine transporter at concentration of 1000 nM,B,,,BAO_0001103,BAO_0000357,single protein format,CNCCCC1Cc2ccccc2N(c2ccc(C)cc2)C1=O,,,CHEMBL1140387,Bioorg. Med. Chem. Lett.,2005,,CHEMBL198033,,CHEMBL198033,,0,http://qudt.org/vocab/unit#Percent,403918,=,1,0,=,,Activity,%,,19.0,CHEMBL238,Homo sapiens,Dopamine transporter,9606,,,Activity,%,UO_0000187,,19.0
,1613775,[],CHEMBL872324,Percentage displacement of [3H]WIN-35428 radioligand from dopamine transporter at concentration of 1000 nM,B,,,BAO_0001103,BAO_0000357,single protein format,CCc1ccc(N2C(=O)C(CCCNC)Cc3ccccc32)cc1,,,CHEMBL1140387,Bioorg. Med. Chem. Lett.,2005,,CHEMBL198038,,CHEMBL198038,,0,http://qudt.org/vocab/unit#Percent,403919,=,1,0,=,,Activity,%,,9.0,CHEMBL238,Homo sapiens,Dopamine transporter,9606,,,Activity,%,UO_0000187,,9.0
,1613780,[],CHEMBL872324,Percentage displacement of [3H]WIN-35428 radioligand from dopamine transporter at concentration of 1000 nM,B,,,BAO_0001103,BAO_0000357,single protein format,CNCCCC1Cc2ccccc2N(c2ccc(C(F)(F)F)cc2)C1=O,,,CHEMBL1140387,Bioorg. Med. Chem. Lett.,2005,,CHEMBL372318,,CHEMBL372318,,0,http://qudt.org/vocab/unit#Percent,403920,=,1,0,=,,Activity,%,,12.0,CHEMBL238,Homo sapiens,Dopamine transporter,9606,,,Activity,%,UO_0000187,,12.0
,1613785,[],CHEMBL872324,Percentage displacement of [3H]WIN-35428 radioligand from dopamine transporter at concentration of 1000 nM,B,,,BAO_0001103,BAO_0000357,single protein format,CNCCCC1(C)Cc2ccccc2N(c2ccc(C)cc2)C1=O,,,CHEMBL1140387,Bioorg. Med. Chem. Lett.,2005,,CHEMBL198176,,CHEMBL198176,,0,http://qudt.org/vocab/unit#Percent,403921,=,1,0,=,,Activity,%,,3.0,CHEMBL238,Homo sapiens,Dopamine transporter,9606,,,Activity,%,UO_0000187,,3.0
,1613790,[],CHEMBL872324,Percentage displacement of [3H]WIN-35428 radioligand from dopamine transporter at concentration of 1000 nM,B,,,BAO_0001103,BAO_0000357,single protein format,CNCCCC1(C)Cc2ccccc2N(c2ccc(C(C)C)cc2)C1=O,,,CHEMBL1140387,Bioorg. Med. Chem. Lett.,2005,,CHEMBL198177,,CHEMBL198177,,0,http://qudt.org/vocab/unit#Percent,403922,=,1,0,=,,Activity,%,,2.0,CHEMBL238,Homo sapiens,Dopamine transporter,9606,,,Activity,%,UO_0000187,,2.0
,1613802,[],CHEMBL872324,Percentage displacement of [3H]WIN-35428 radioligand from dopamine transporter at concentration of 1000 nM,B,,,BAO_0001103,BAO_0000357,single protein format,CNCCCC1(C)Cc2ccccc2N(c2ccc(F)c(F)c2)C1=O,,,CHEMBL1140387,Bioorg. Med. Chem. Lett.,2005,,CHEMBL198011,,CHEMBL198011,,0,http://qudt.org/vocab/unit#Percent,403925,=,1,0,=,,Activity,%,,50.0,CHEMBL238,Homo sapiens,Dopamine transporter,9606,,,Activity,%,UO_0000187,,50.0
,1613807,[],CHEMBL872324,Percentage displacement of [3H]WIN-35428 radioligand from dopamine transporter at concentration of 1000 nM,B,,,BAO_0001103,BAO_0000357,single protein format,CNCCCC1(C)Cc2ccccc2N(c2cc(F)cc(F)c2)C1=O,,,CHEMBL1140387,Bioorg. Med. Chem. Lett.,2005,,CHEMBL198706,,CHEMBL198706,,0,http://qudt.org/vocab/unit#Percent,403926,=,1,0,=,,Activity,%,,19.0,CHEMBL238,Homo sapiens,Dopamine transporter,9606,,,Activity,%,UO_0000187,,19.0
,1613812,[],CHEMBL872324,Percentage displacement of [3H]WIN-35428 radioligand from dopamine transporter at concentration of 1000 nM,B,,,BAO_0001103,BAO_0000357,single protein format,CNCCCC1(C)Cc2ccccc2N(c2cc(Cl)cc(Cl)c2)C1=O,,,CHEMBL1140387,Bioorg. Med. Chem. Lett.,2005,,CHEMBL380559,,CHEMBL380559,,0,http://qudt.org/vocab/unit#Percent,403927,=,1,0,=,,Activity,%,,41.0,CHEMBL238,Homo sapiens,Dopamine transporter,9606,,,Activity,%,UO_0000187,,41.0
,1613818,[],CHEMBL872324,Percentage displacement of [3H]WIN-35428 radioligand from dopamine transporter at concentration of 1000 nM,B,,,BAO_0001103,BAO_0000357,single protein format,CCC1(CCCNC)Cc2ccccc2N(c2ccccc2)C1=O,,,CHEMBL1140387,Bioorg. Med. Chem. Lett.,2005,,CHEMBL197960,,CHEMBL197960,,0,http://qudt.org/vocab/unit#Percent,403928,=,1,0,=,,Activity,%,,6.0,CHEMBL238,Homo sapiens,Dopamine transporter,9606,,,Activity,%,UO_0000187,,6.0
,1613823,[],CHEMBL872324,Percentage displacement of [3H]WIN-35428 radioligand from dopamine transporter at concentration of 1000 nM,B,,,BAO_0001103,BAO_0000357,single protein format,CCCC1(CCCNC)Cc2ccccc2N(c2ccccc2)C1=O,,,CHEMBL1140387,Bioorg. Med. Chem. Lett.,2005,,CHEMBL198960,,CHEMBL198960,,0,http://qudt.org/vocab/unit#Percent,403929,=,1,0,=,,Activity,%,,3.0,CHEMBL238,Homo sapiens,Dopamine transporter,9606,,,Activity,%,UO_0000187,,3.0
,1613828,[],CHEMBL872324,Percentage displacement of [3H]WIN-35428 radioligand from dopamine transporter at concentration of 1000 nM,B,,,BAO_0001103,BAO_0000357,single protein format,CCC1(CCCNC)Cc2ccccc2N(c2ccc(C)cc2)C1=O,,,CHEMBL1140387,Bioorg. Med. Chem. Lett.,2005,,CHEMBL196751,,CHEMBL196751,,0,http://qudt.org/vocab/unit#Percent,403930,=,1,0,=,,Activity,%,,11.0,CHEMBL238,Homo sapiens,Dopamine transporter,9606,,,Activity,%,UO_0000187,,11.0
,1613832,[],CHEMBL872324,Percentage displacement of [3H]WIN-35428 radioligand from dopamine transporter at concentration of 1000 nM,B,,,BAO_0001103,BAO_0000357,single protein format,CCCC1(CCCNC)Cc2ccccc2N(c2ccc(C)cc2)C1=O,,,CHEMBL1140387,Bioorg. Med. Chem. Lett.,2005,,CHEMBL199116,,CHEMBL199116,,0,http://qudt.org/vocab/unit#Percent,403931,=,1,0,=,,Activity,%,,9.0,CHEMBL238,Homo sapiens,Dopamine transporter,9606,,,Activity,%,UO_0000187,,9.0
,1613836,[],CHEMBL872324,Percentage displacement of [3H]WIN-35428 radioligand from dopamine transporter at concentration of 1000 nM,B,,,BAO_0001103,BAO_0000357,single protein format,CNCCCC1(C(C)C)Cc2ccccc2N(c2ccc(C)cc2)C1=O,,,CHEMBL1140387,Bioorg. Med. Chem. Lett.,2005,,CHEMBL438450,,CHEMBL438450,,0,http://qudt.org/vocab/unit#Percent,403932,=,1,0,=,,Activity,%,,7.0,CHEMBL238,Homo sapiens,Dopamine transporter,9606,,,Activity,%,UO_0000187,,7.0
,1613840,[],CHEMBL872324,Percentage displacement of [3H]WIN-35428 radioligand from dopamine transporter at concentration of 1000 nM,B,,,BAO_0001103,BAO_0000357,single protein format,CCCCC1(CCCNC)Cc2ccccc2N(c2ccc(C)cc2)C1=O,,,CHEMBL1140387,Bioorg. Med. Chem. Lett.,2005,,CHEMBL196110,,CHEMBL196110,,0,http://qudt.org/vocab/unit#Percent,403933,=,1,0,=,,Activity,%,,18.0,CHEMBL238,Homo sapiens,Dopamine transporter,9606,,,Activity,%,UO_0000187,,18.0
,1613845,[],CHEMBL872324,Percentage displacement of [3H]WIN-35428 radioligand from dopamine transporter at concentration of 1000 nM,B,,,BAO_0001103,BAO_0000357,single protein format,CNCCCC1Cc2cc(F)ccc2N(c2ccc(C)cc2)C1=O,,,CHEMBL1140387,Bioorg. Med. Chem. Lett.,2005,,CHEMBL194781,,CHEMBL194781,,0,http://qudt.org/vocab/unit#Percent,403934,=,1,0,=,,Activity,%,,5.0,CHEMBL238,Homo sapiens,Dopamine transporter,9606,,,Activity,%,UO_0000187,,5.0
,1613852,[],CHEMBL872324,Percentage displacement of [3H]WIN-35428 radioligand from dopamine transporter at concentration of 1000 nM,B,,,BAO_0001103,BAO_0000357,single protein format,CNCCCC1Cc2cc(Cl)ccc2N(c2ccc(C)cc2)C1=O,,,CHEMBL1140387,Bioorg. Med. Chem. Lett.,2005,,CHEMBL373233,,CHEMBL373233,,0,http://qudt.org/vocab/unit#Percent,403936,=,1,0,=,,Activity,%,,7.0,CHEMBL238,Homo sapiens,Dopamine transporter,9606,,,Activity,%,UO_0000187,,7.0
,1613860,[],CHEMBL872324,Percentage displacement of [3H]WIN-35428 radioligand from dopamine transporter at concentration of 1000 nM,B,,,BAO_0001103,BAO_0000357,single protein format,CCC1(CCCNC)Cc2cc(Cl)ccc2N(c2ccc(C)cc2)C1=O,,,CHEMBL1140387,Bioorg. Med. Chem. Lett.,2005,,CHEMBL199093,,CHEMBL199093,,0,http://qudt.org/vocab/unit#Percent,403938,=,1,0,=,,Activity,%,,3.0,CHEMBL238,Homo sapiens,Dopamine transporter,9606,,,Activity,%,UO_0000187,,3.0
Not Active,1662089,[],CHEMBL868759,Inhibitory activity against DAT upto 10 uM,B,,,BAO_0000375,BAO_0000357,single protein format,CN1CCc2c(sc3ncn(CCN4CCN(c5cncc6ccccc56)CC4)c(=O)c23)C1,,,CHEMBL1141234,Bioorg. Med. Chem. Lett.,2005,,CHEMBL370110,,CHEMBL370110,,0,,410212,,1,0,,,Activity,,,,CHEMBL238,Homo sapiens,Dopamine transporter,9606,,,Activity,,,,
Not Active,1662092,[],CHEMBL868759,Inhibitory activity against DAT upto 10 uM,B,,,BAO_0000375,BAO_0000357,single protein format,CN1CCc2c(sc3ncn(CCN4CCN(c5ccnc6ccccc56)CC4)c(=O)c23)C1,,,CHEMBL1141234,Bioorg. Med. Chem. Lett.,2005,,CHEMBL198463,,CHEMBL198463,,0,,410213,,1,0,,,Activity,,,,CHEMBL238,Homo sapiens,Dopamine transporter,9606,,,Activity,,,,
,1665694,[],CHEMBL859468,Activity against dopamine uptake at 10 uM,B,,,BAO_0001103,BAO_0000357,single protein format,CN1C(=O)C(C(=O)Nc2nncs2)c2cc3occc3cc21,,,CHEMBL1147762,Bioorg. Med. Chem. Lett.,2006,,CHEMBL200906,,CHEMBL200906,,0,http://qudt.org/vocab/unit#Percent,412629,=,1,0,=,,Activity,%,,11.0,CHEMBL238,Homo sapiens,Dopamine transporter,9606,,,Activity,%,UO_0000187,,11.0
,1684792,[],CHEMBL866485,Binding affinity to dopamine transporter at 10 uM,B,,,BAO_0001103,BAO_0000357,single protein format,C[C@@H](NC(=O)c1cccnc1Oc1ccc(F)cc1)c1cccs1,,,CHEMBL1138125,Bioorg. Med. Chem. Lett.,2006,,CHEMBL204449,,CHEMBL204449,,0,http://qudt.org/vocab/unit#Percent,428457,=,1,0,=,,Activity,%,,23.0,CHEMBL238,Homo sapiens,Dopamine transporter,9606,,,Activity,%,UO_0000187,,23.0
Active,1776342,[],CHEMBL907724,Photo labeling activity at human DAT expressed in HEK293 cells,B,,,BAO_0000375,BAO_0000219,cell-based format,COC(=O)[C@@H]1C2CCC(C[C@@H]1c1ccc(-c3ccc(N=[N+]=[N-])c([125I])c3)cc1)N2C,,,CHEMBL1137312,J. Med. Chem.,2006,,CHEMBL218293,,CHEMBL273878,,0,,587655,,1,0,,,Activity,,,,CHEMBL238,Homo sapiens,Dopamine transporter,9606,,,Activity,,,,
Not Active,1776739,[],CHEMBL907142,Photo labeling activity at human DAT expressed in HEK293 cells in the presence of (-)cocaine,B,,,BAO_0000375,BAO_0000219,cell-based format,COC(=O)[C@@H]1C2CCC(C[C@@H]1c1ccc(-c3ccc(N=[N+]=[N-])c([125I])c3)cc1)N2C,,,CHEMBL1137312,J. Med. Chem.,2006,,CHEMBL218293,,CHEMBL273878,,0,,587655,,1,0,,,Activity,,,,CHEMBL238,Homo sapiens,Dopamine transporter,9606,,,Activity,,,,
Not Active,1831807,[],CHEMBL915258,Displacement of radiolabeled BTCP from human recombinant DAT expressed in CHO cells at 10 uM,B,,,BAO_0000375,BAO_0000219,cell-based format,O=C(O)c1ccccc1C1CCCNC1,,,CHEMBL1143001,J. Med. Chem.,2007,,CHEMBL373508,,CHEMBL373508,,0,,628655,,1,0,,,Activity,,,,CHEMBL238,Homo sapiens,Dopamine transporter,9606,,,Activity,,,,
,2063941,[],CHEMBL924985,Binding affinity to DAT receptor at 10 uM,B,,,BAO_0001103,BAO_0000357,single protein format,CC(=O)N(Cc1ccccc1O[11CH3])c1cnccc1Oc1ccccc1,,,CHEMBL1140697,J. Med. Chem.,2008,,CHEMBL253597,,CHEMBL2068817,,0,http://qudt.org/vocab/unit#Percent,685162,<,1,0,<,,Activity,%,,50.0,CHEMBL238,Homo sapiens,Dopamine transporter,9606,,,Activity,%,UO_0000187,,50.0
,2210905,[],CHEMBL977002,Inhibition of SLC6A3,B,,,BAO_0000181,BAO_0000357,single protein format,CN1CC[C@H](c2ccc(Cl)cc2)[C@H](CSCC(=O)NCCc2ccccc2)C1,,,CHEMBL1149912,J. Med. Chem.,2008,,CHEMBL512450,,CHEMBL512450,,0,http://www.openphacts.org/units/Nanomolar,768349,=,1,0,=,,Activity,nM,,23.0,CHEMBL238,Homo sapiens,Dopamine transporter,9606,,,Activity,nM,UO_0000065,,23.0
,2363077,[],CHEMBL1026454,Displacement of [3H]WIN-35428 from human DAT at 10 uM,B,,,BAO_0001103,BAO_0000357,single protein format,CNC(=O)C(CCN1CCC(O)(c2ccc(Cl)cc2)CC1)(c1ccccc1)c1ccccc1,,,CHEMBL1140103,J. Med. Chem.,2008,,CHEMBL1627,,CHEMBL1627,,0,http://qudt.org/vocab/unit#Percent,747657,<,1,0,<,,Activity,%,,50.0,CHEMBL238,Homo sapiens,Dopamine transporter,9606,,,Activity,%,UO_0000187,,50.0
,2401811,[],CHEMBL952338,Binding affinity to human DAT at 10 uM relative to control,B,,,BAO_0001103,BAO_0000357,single protein format,Nc1nc2c(c(N3CCNCC3)n1)CCC1=C2[C@@H]2CCCC[C@@H]2O1,,,CHEMBL1140203,J. Med. Chem.,2008,,CHEMBL519240,,CHEMBL519240,,0,http://qudt.org/vocab/unit#Percent,803292,=,1,0,=,,Activity,%,,74.5,CHEMBL238,Homo sapiens,Dopamine transporter,9606,,,Activity,%,UO_0000187,,74.5
,2439823,[],CHEMBL1017479,Displacement of [3H]WIN-from cocaine site of dopamine transporter assessed as specific binding relative to total binding,B,,,BAO_0001103,BAO_0000357,single protein format,CN1Cc2c(N)cccc2C(c2ccccc2)C1,,,CHEMBL1147348,J. Nat. Prod.,1993,,CHEMBL273575,NOMIFENSINE,CHEMBL273575,,0,http://qudt.org/vocab/unit#Percent,762888,=,1,0,=,,Activity,%,,75.0,CHEMBL238,Homo sapiens,Dopamine transporter,9606,,,Activity,%,UO_0000187,,75.0
,2454419,[],CHEMBL1020881,Displacement of [3H]WIN-35428 from human recombinant dopamine transporter expressed in CHO cells at 10000 nM,B,,,BAO_0001103,BAO_0000219,cell-based format,COc1ccc(C(CN(C)C)C2(O)CCCCC2)cc1,,,CHEMBL1155011,J. Med. Chem.,2008,,CHEMBL637,VENLAFAXINE,CHEMBL637,,0,http://qudt.org/vocab/unit#Percent,719649,=,1,0,=,,Activity,%,,45.0,CHEMBL238,Homo sapiens,Dopamine transporter,9606,,,Activity,%,UO_0000187,,45.0
,2454502,[],CHEMBL1020880,Displacement of [3H]WIN-35428 from human recombinant dopamine transporter expressed in CHO cells at 1000 nM,B,,,BAO_0001103,BAO_0000219,cell-based format,COc1cccc(C(CN(C)C)C2(O)CCCCC2)c1,,,CHEMBL1155011,J. Med. Chem.,2008,,CHEMBL101055,,CHEMBL101055,,0,http://qudt.org/vocab/unit#Percent,719723,=,1,0,=,,Activity,%,,9.0,CHEMBL238,Homo sapiens,Dopamine transporter,9606,,,Activity,%,UO_0000187,,9.0
,2454503,[],CHEMBL1020880,Displacement of [3H]WIN-35428 from human recombinant dopamine transporter expressed in CHO cells at 1000 nM,B,,,BAO_0001103,BAO_0000219,cell-based format,CN(C)C[C@H](c1cccc(Cl)c1)C1(O)CCCCC1,,,CHEMBL1155011,J. Med. Chem.,2008,,CHEMBL448953,,CHEMBL448953,,0,http://qudt.org/vocab/unit#Percent,719729,=,1,0,=,,Activity,%,,0.0,CHEMBL238,Homo sapiens,Dopamine transporter,9606,,,Activity,%,UO_0000187,,0.0
,2454504,[],CHEMBL1020880,Displacement of [3H]WIN-35428 from human recombinant dopamine transporter expressed in CHO cells at 1000 nM,B,,,BAO_0001103,BAO_0000219,cell-based format,CN(C)C[C@@H](c1cccc(Cl)c1)C1(O)CCCCC1,,,CHEMBL1155011,J. Med. Chem.,2008,,CHEMBL461095,,CHEMBL461095,,0,http://qudt.org/vocab/unit#Percent,719728,=,1,0,=,,Activity,%,,17.0,CHEMBL238,Homo sapiens,Dopamine transporter,9606,,,Activity,%,UO_0000187,,17.0
,2454505,[],CHEMBL1020880,Displacement of [3H]WIN-35428 from human recombinant dopamine transporter expressed in CHO cells at 1000 nM,B,,,BAO_0001103,BAO_0000219,cell-based format,CN(C)CC(c1cccc(C(F)(F)F)c1)C1(O)CCCCC1,,,CHEMBL1155011,J. Med. Chem.,2008,,CHEMBL99653,,CHEMBL99653,,0,http://qudt.org/vocab/unit#Percent,719727,=,1,0,=,,Activity,%,,15.0,CHEMBL238,Homo sapiens,Dopamine transporter,9606,,,Activity,%,UO_0000187,,15.0
,2454506,[],CHEMBL1020880,Displacement of [3H]WIN-35428 from human recombinant dopamine transporter expressed in CHO cells at 1000 nM,B,,,BAO_0001103,BAO_0000219,cell-based format,CN(C)CC(c1ccccc1Cl)C1(O)CCCCC1,,,CHEMBL1155011,J. Med. Chem.,2008,,CHEMBL316862,,CHEMBL316862,,0,http://qudt.org/vocab/unit#Percent,719726,=,1,0,=,,Activity,%,,9.0,CHEMBL238,Homo sapiens,Dopamine transporter,9606,,,Activity,%,UO_0000187,,9.0
,2454507,[],CHEMBL1020880,Displacement of [3H]WIN-35428 from human recombinant dopamine transporter expressed in CHO cells at 1000 nM,B,,,BAO_0001103,BAO_0000219,cell-based format,CN(C)CC(c1cccc(Cl)c1)C1(O)CCCCC1,,,CHEMBL1155011,J. Med. Chem.,2008,,CHEMBL101899,,CHEMBL101899,,0,http://qudt.org/vocab/unit#Percent,719725,=,1,0,=,,Activity,%,,28.0,CHEMBL238,Homo sapiens,Dopamine transporter,9606,,,Activity,%,UO_0000187,,28.0
,2454508,[],CHEMBL1020880,Displacement of [3H]WIN-35428 from human recombinant dopamine transporter expressed in CHO cells at 1000 nM,B,,,BAO_0001103,BAO_0000219,cell-based format,CN(C)CC(c1ccc(Cl)cc1)C1(O)CCCCC1,,,CHEMBL1155011,J. Med. Chem.,2008,,CHEMBL420644,,CHEMBL420644,,0,http://qudt.org/vocab/unit#Percent,719724,=,1,0,=,,Activity,%,,23.0,CHEMBL238,Homo sapiens,Dopamine transporter,9606,,,Activity,%,UO_0000187,,23.0
,2454520,[],CHEMBL1020880,Displacement of [3H]WIN-35428 from human recombinant dopamine transporter expressed in CHO cells at 1000 nM,B,,,BAO_0001103,BAO_0000219,cell-based format,Cl.Cl.OC1(C(CN2CCNCC2)c2cccc(F)c2)CCCCC1,,,CHEMBL1155011,J. Med. Chem.,2008,,CHEMBL470079,,CHEMBL1186569,,0,http://qudt.org/vocab/unit#Percent,718988,=,1,0,=,,Activity,%,,22.0,CHEMBL238,Homo sapiens,Dopamine transporter,9606,,,Activity,%,UO_0000187,,22.0
,2454521,[],CHEMBL1020880,Displacement of [3H]WIN-35428 from human recombinant dopamine transporter expressed in CHO cells at 1000 nM,B,,,BAO_0001103,BAO_0000219,cell-based format,CN1CCN(CC(c2cccc(F)c2)C2(O)CCCCC2)CC1.Cl.Cl,,,CHEMBL1155011,J. Med. Chem.,2008,,CHEMBL513204,,CHEMBL1187639,,0,http://qudt.org/vocab/unit#Percent,718987,=,1,0,=,,Activity,%,,29.0,CHEMBL238,Homo sapiens,Dopamine transporter,9606,,,Activity,%,UO_0000187,,29.0
,2454522,[],CHEMBL1020880,Displacement of [3H]WIN-35428 from human recombinant dopamine transporter expressed in CHO cells at 1000 nM,B,,,BAO_0001103,BAO_0000219,cell-based format,Cl.Cl.OC1(C(CN2CCNCC2)c2ccc(F)cc2)CCCCC1,,,CHEMBL1155011,J. Med. Chem.,2008,,CHEMBL445800,,CHEMBL1186020,,0,http://qudt.org/vocab/unit#Percent,718986,=,1,0,=,,Activity,%,,22.0,CHEMBL238,Homo sapiens,Dopamine transporter,9606,,,Activity,%,UO_0000187,,22.0
,2454523,[],CHEMBL1020880,Displacement of [3H]WIN-35428 from human recombinant dopamine transporter expressed in CHO cells at 1000 nM,B,,,BAO_0001103,BAO_0000219,cell-based format,CN1CCN(CC(c2ccc(F)cc2)C2(O)CCCCC2)CC1.Cl.Cl,,,CHEMBL1155011,J. Med. Chem.,2008,,CHEMBL470078,,CHEMBL1186568,,0,http://qudt.org/vocab/unit#Percent,718985,=,1,0,=,,Activity,%,,0.0,CHEMBL238,Homo sapiens,Dopamine transporter,9606,,,Activity,%,UO_0000187,,0.0
,2454524,[],CHEMBL1020880,Displacement of [3H]WIN-35428 from human recombinant dopamine transporter expressed in CHO cells at 1000 nM,B,,,BAO_0001103,BAO_0000219,cell-based format,COc1cccc(C(CN2CCNCC2)C2(O)CCCCC2)c1.Cl.Cl,,,CHEMBL1155011,J. Med. Chem.,2008,,CHEMBL469460,,CHEMBL1186554,,0,http://qudt.org/vocab/unit#Percent,718891,=,1,0,=,,Activity,%,,2.0,CHEMBL238,Homo sapiens,Dopamine transporter,9606,,,Activity,%,UO_0000187,,2.0
,2454525,[],CHEMBL1020880,Displacement of [3H]WIN-35428 from human recombinant dopamine transporter expressed in CHO cells at 1000 nM,B,,,BAO_0001103,BAO_0000219,cell-based format,COc1cccc(C(CN2CCN(C)CC2)C2(O)CCCCC2)c1.Cl.Cl,,,CHEMBL1155011,J. Med. Chem.,2008,,CHEMBL469459,,CHEMBL1186553,,0,http://qudt.org/vocab/unit#Percent,718890,=,1,0,=,,Activity,%,,4.0,CHEMBL238,Homo sapiens,Dopamine transporter,9606,,,Activity,%,UO_0000187,,4.0
,2454526,[],CHEMBL1020880,Displacement of [3H]WIN-35428 from human recombinant dopamine transporter expressed in CHO cells at 1000 nM,B,,,BAO_0001103,BAO_0000219,cell-based format,COc1ccc(C(CN2CCNCC2)C2(O)CCCCC2)cc1.Cl.Cl,,,CHEMBL1155011,J. Med. Chem.,2008,,CHEMBL469458,,CHEMBL1186552,,0,http://qudt.org/vocab/unit#Percent,718889,=,1,0,=,,Activity,%,,9.0,CHEMBL238,Homo sapiens,Dopamine transporter,9606,,,Activity,%,UO_0000187,,9.0
,2454527,[],CHEMBL1020880,Displacement of [3H]WIN-35428 from human recombinant dopamine transporter expressed in CHO cells at 1000 nM,B,,,BAO_0001103,BAO_0000219,cell-based format,COc1ccc(C(CN2CCN(C)CC2)C2(O)CCCCC2)cc1.Cl.Cl,,,CHEMBL1155011,J. Med. Chem.,2008,,CHEMBL469666,,CHEMBL1186559,,0,http://qudt.org/vocab/unit#Percent,718888,=,1,0,=,,Activity,%,,0.0,CHEMBL238,Homo sapiens,Dopamine transporter,9606,,,Activity,%,UO_0000187,,0.0
,2454552,[],CHEMBL1020880,Displacement of [3H]WIN-35428 from human recombinant dopamine transporter expressed in CHO cells at 1000 nM,B,,,BAO_0001103,BAO_0000219,cell-based format,Cl.Cl.OC1(C(CN2CCNCC2)c2cccc(C(F)(F)F)c2)CCCCC1,,,CHEMBL1155011,J. Med. Chem.,2008,,CHEMBL470082,,CHEMBL1186571,,0,http://qudt.org/vocab/unit#Percent,718994,=,1,0,=,,Activity,%,,4.0,CHEMBL238,Homo sapiens,Dopamine transporter,9606,,,Activity,%,UO_0000187,,4.0
,2454553,[],CHEMBL1020880,Displacement of [3H]WIN-35428 from human recombinant dopamine transporter expressed in CHO cells at 1000 nM,B,,,BAO_0001103,BAO_0000219,cell-based format,CN1CCN(CC(c2cccc(C(F)(F)F)c2)C2(O)CCCCC2)CC1.Cl.Cl,,,CHEMBL1155011,J. Med. Chem.,2008,,CHEMBL469475,,CHEMBL1186555,,0,http://qudt.org/vocab/unit#Percent,718993,=,1,0,=,,Activity,%,,6.0,CHEMBL238,Homo sapiens,Dopamine transporter,9606,,,Activity,%,UO_0000187,,6.0
,2454554,[],CHEMBL1020880,Displacement of [3H]WIN-35428 from human recombinant dopamine transporter expressed in CHO cells at 1000 nM,B,,,BAO_0001103,BAO_0000219,cell-based format,Cl.Cl.OC1([C@H](CN2CCNCC2)c2cccc(OC(F)(F)F)c2)CCCCC1,,,CHEMBL1155011,J. Med. Chem.,2008,,CHEMBL470482,,CHEMBL1186576,,0,http://qudt.org/vocab/unit#Percent,718992,=,1,0,=,,Activity,%,,13.0,CHEMBL238,Homo sapiens,Dopamine transporter,9606,,,Activity,%,UO_0000187,,13.0
,2454555,[],CHEMBL1020880,Displacement of [3H]WIN-35428 from human recombinant dopamine transporter expressed in CHO cells at 1000 nM,B,,,BAO_0001103,BAO_0000219,cell-based format,Cl.Cl.OC1([C@@H](CN2CCNCC2)c2cccc(OC(F)(F)F)c2)CCCCC1,,,CHEMBL1155011,J. Med. Chem.,2008,,CHEMBL470481,,CHEMBL1186575,,0,http://qudt.org/vocab/unit#Percent,718991,=,1,0,=,,Activity,%,,15.0,CHEMBL238,Homo sapiens,Dopamine transporter,9606,,,Activity,%,UO_0000187,,15.0
,2454556,[],CHEMBL1020880,Displacement of [3H]WIN-35428 from human recombinant dopamine transporter expressed in CHO cells at 1000 nM,B,,,BAO_0001103,BAO_0000219,cell-based format,Cl.Cl.OC1(C(CN2CCNCC2)c2cccc(OC(F)(F)F)c2)CCCCC1,,,CHEMBL1155011,J. Med. Chem.,2008,,CHEMBL469476,,CHEMBL1186556,,0,http://qudt.org/vocab/unit#Percent,718990,=,1,0,=,,Activity,%,,13.0,CHEMBL238,Homo sapiens,Dopamine transporter,9606,,,Activity,%,UO_0000187,,13.0
,2454557,[],CHEMBL1020880,Displacement of [3H]WIN-35428 from human recombinant dopamine transporter expressed in CHO cells at 1000 nM,B,,,BAO_0001103,BAO_0000219,cell-based format,CN1CCN(C[C@H](c2cccc(OC(F)(F)F)c2)C2(O)CCCCC2)CC1.Cl.Cl,,,CHEMBL1155011,J. Med. Chem.,2008,,CHEMBL469668,,CHEMBL599411,,0,http://qudt.org/vocab/unit#Percent,718895,=,1,0,=,,Activity,%,,6.0,CHEMBL238,Homo sapiens,Dopamine transporter,9606,,,Activity,%,UO_0000187,,6.0
,2454558,[],CHEMBL1020880,Displacement of [3H]WIN-35428 from human recombinant dopamine transporter expressed in CHO cells at 1000 nM,B,,,BAO_0001103,BAO_0000219,cell-based format,CN1CCN(C[C@@H](c2cccc(OC(F)(F)F)c2)C2(O)CCCCC2)CC1.Cl.Cl,,,CHEMBL1155011,J. Med. Chem.,2008,,CHEMBL511959,,CHEMBL1187616,,0,http://qudt.org/vocab/unit#Percent,718894,=,1,0,=,,Activity,%,,5.0,CHEMBL238,Homo sapiens,Dopamine transporter,9606,,,Activity,%,UO_0000187,,5.0
,2454559,[],CHEMBL1020880,Displacement of [3H]WIN-35428 from human recombinant dopamine transporter expressed in CHO cells at 1000 nM,B,,,BAO_0001103,BAO_0000219,cell-based format,CN1CCN(CC(c2ccc(OC(F)(F)F)cc2)C2(O)CCCCC2)CC1.Cl.Cl,,,CHEMBL1155011,J. Med. Chem.,2008,,CHEMBL518195,,CHEMBL1187750,,0,http://qudt.org/vocab/unit#Percent,719818,=,1,0,=,,Activity,%,,13.0,CHEMBL238,Homo sapiens,Dopamine transporter,9606,,,Activity,%,UO_0000187,,13.0
,2454560,[],CHEMBL1020880,Displacement of [3H]WIN-35428 from human recombinant dopamine transporter expressed in CHO cells at 1000 nM,B,,,BAO_0001103,BAO_0000219,cell-based format,Cl.Cl.OC1(C(CN2CCNCC2)c2ccc(Cl)cc2)CCCCC1,,,CHEMBL1155011,J. Med. Chem.,2008,,CHEMBL459644,,CHEMBL1186350,,0,http://qudt.org/vocab/unit#Percent,719732,=,1,0,=,,Activity,%,,35.0,CHEMBL238,Homo sapiens,Dopamine transporter,9606,,,Activity,%,UO_0000187,,35.0
,2454561,[],CHEMBL1020880,Displacement of [3H]WIN-35428 from human recombinant dopamine transporter expressed in CHO cells at 1000 nM,B,,,BAO_0001103,BAO_0000219,cell-based format,CN1CCN(CC(c2ccc(Cl)cc2)C2(O)CCCCC2)CC1.Cl.Cl,,,CHEMBL1155011,J. Med. Chem.,2008,,CHEMBL511695,,CHEMBL1187606,,0,http://qudt.org/vocab/unit#Percent,719731,=,1,0,=,,Activity,%,,26.0,CHEMBL238,Homo sapiens,Dopamine transporter,9606,,,Activity,%,UO_0000187,,26.0
,2454569,[],CHEMBL1020887,Displacement of [3H]WIN-35428 from human recombinant dopamine transporter expressed in CHO cells,B,,,BAO_0000181,BAO_0000219,cell-based format,OC1(c2ccc(Cl)cc2)c2ccccc2C2=NCCN21,,,CHEMBL1155011,J. Med. Chem.,2008,,CHEMBL781,MAZINDOL,CHEMBL781,,0,http://www.openphacts.org/units/Nanomolar,719821,=,1,0,=,,Activity,nM,,22.1,CHEMBL238,Homo sapiens,Dopamine transporter,9606,,,Activity,nM,UO_0000065,,22.1
,2454627,[],CHEMBL1020880,Displacement of [3H]WIN-35428 from human recombinant dopamine transporter expressed in CHO cells at 1000 nM,B,,,BAO_0001103,BAO_0000219,cell-based format,CN1CCN(CC(c2cccc(OC(F)(F)F)c2)C2(O)CCCCC2)CC1.Cl.Cl,,,CHEMBL1155011,J. Med. Chem.,2008,,CHEMBL469667,,CHEMBL1186560,,0,http://qudt.org/vocab/unit#Percent,718893,=,1,0,=,,Activity,%,,3.0,CHEMBL238,Homo sapiens,Dopamine transporter,9606,,,Activity,%,UO_0000187,,3.0
,2482632,[],CHEMBL984486,Binding affinity to human DAT,B,,,BAO_0000181,BAO_0000357,single protein format,O=C(NCCN1CCCN(C[C@H]2COc3ccccc3O2)CC1)c1cccnc1Oc1ccccc1,,,CHEMBL1144238,Bioorg. Med. Chem. Lett.,2008,,CHEMBL524153,,CHEMBL524153,,0,http://www.openphacts.org/units/Nanomolar,772601,=,1,0,=,,Activity,nM,,3480.0,CHEMBL238,Homo sapiens,Dopamine transporter,9606,,,Activity,nM,UO_0000065,,3480.0
,2483421,[],CHEMBL986145,Displacement of [3H]WIN-35428 from human recombinant DAT expressed in CHO cells at 1 uM,B,,,BAO_0001103,BAO_0000219,cell-based format,CNCCC(c1ccccc1)n1ccc2ccccc21,,,CHEMBL1144192,Bioorg. Med. Chem. Lett.,2008,,CHEMBL453838,,CHEMBL453838,,0,http://qudt.org/vocab/unit#Percent,772140,=,1,0,=,,Activity,%,,44.0,CHEMBL238,Homo sapiens,Dopamine transporter,9606,,,Activity,%,UO_0000187,,44.0
,2483422,[],CHEMBL986145,Displacement of [3H]WIN-35428 from human recombinant DAT expressed in CHO cells at 1 uM,B,,,BAO_0001103,BAO_0000219,cell-based format,CNCC[C@H](c1ccccc1)N1C(=O)C(C)(C)c2cccc(F)c21,,,CHEMBL1144192,Bioorg. Med. Chem. Lett.,2008,,CHEMBL514200,,CHEMBL514200,,0,http://qudt.org/vocab/unit#Percent,772141,=,1,0,=,,Activity,%,,3.0,CHEMBL238,Homo sapiens,Dopamine transporter,9606,,,Activity,%,UO_0000187,,3.0
,2483423,[],CHEMBL986145,Displacement of [3H]WIN-35428 from human recombinant DAT expressed in CHO cells at 1 uM,B,,,BAO_0001103,BAO_0000219,cell-based format,CNCC[C@H](c1cccc(F)c1)N1C(=O)C(C)(C)c2cccc(F)c21,,,CHEMBL1144192,Bioorg. Med. Chem. Lett.,2008,,CHEMBL475936,,CHEMBL475936,,0,http://qudt.org/vocab/unit#Percent,772142,=,1,0,=,,Activity,%,,7.0,CHEMBL238,Homo sapiens,Dopamine transporter,9606,,,Activity,%,UO_0000187,,7.0
,2483424,[],CHEMBL986145,Displacement of [3H]WIN-35428 from human recombinant DAT expressed in CHO cells at 1 uM,B,,,BAO_0001103,BAO_0000219,cell-based format,CNCC[C@H](c1cc(F)cc(Cl)c1)N1C(=O)C(C)(C)c2cccc(F)c21,,,CHEMBL1144192,Bioorg. Med. Chem. Lett.,2008,,CHEMBL514354,,CHEMBL514354,,0,http://qudt.org/vocab/unit#Percent,772143,=,1,0,=,,Activity,%,,0.0,CHEMBL238,Homo sapiens,Dopamine transporter,9606,,,Activity,%,UO_0000187,,0.0
,2483425,[],CHEMBL986145,Displacement of [3H]WIN-35428 from human recombinant DAT expressed in CHO cells at 1 uM,B,,,BAO_0001103,BAO_0000219,cell-based format,CNCC[C@H](c1cccc(Cl)c1)N1C(=O)C(C)(C)c2cccc(F)c21,,,CHEMBL1144192,Bioorg. Med. Chem. Lett.,2008,,CHEMBL475937,,CHEMBL475937,,0,http://qudt.org/vocab/unit#Percent,772144,=,1,0,=,,Activity,%,,10.0,CHEMBL238,Homo sapiens,Dopamine transporter,9606,,,Activity,%,UO_0000187,,10.0
,2483426,[],CHEMBL986145,Displacement of [3H]WIN-35428 from human recombinant DAT expressed in CHO cells at 1 uM,B,,,BAO_0001103,BAO_0000219,cell-based format,CNCC[C@H](c1cc(F)cc(F)c1)N1C(=O)C(C)(C)c2cccc(F)c21,,,CHEMBL1144192,Bioorg. Med. Chem. Lett.,2008,,CHEMBL446809,,CHEMBL446809,,0,http://qudt.org/vocab/unit#Percent,772228,=,1,0,=,,Activity,%,,0.0,CHEMBL238,Homo sapiens,Dopamine transporter,9606,,,Activity,%,UO_0000187,,0.0
,2483427,[],CHEMBL986145,Displacement of [3H]WIN-35428 from human recombinant DAT expressed in CHO cells at 1 uM,B,,,BAO_0001103,BAO_0000219,cell-based format,CNCC[C@H](c1ccccc1)N1C(=O)C(C)(C)c2ccccc21,,,CHEMBL1144192,Bioorg. Med. Chem. Lett.,2008,,CHEMBL513912,,CHEMBL513912,,0,http://qudt.org/vocab/unit#Percent,772229,=,1,0,=,,Activity,%,,0.0,CHEMBL238,Homo sapiens,Dopamine transporter,9606,,,Activity,%,UO_0000187,,0.0
,2483428,[],CHEMBL986145,Displacement of [3H]WIN-35428 from human recombinant DAT expressed in CHO cells at 1 uM,B,,,BAO_0001103,BAO_0000219,cell-based format,CNCC[C@@H](c1ccccc1)N1C(=O)C(C)(C)c2ccccc21,,,CHEMBL1144192,Bioorg. Med. Chem. Lett.,2008,,CHEMBL509007,,CHEMBL509007,,0,http://qudt.org/vocab/unit#Percent,772230,=,1,0,=,,Activity,%,,3.0,CHEMBL238,Homo sapiens,Dopamine transporter,9606,,,Activity,%,UO_0000187,,3.0
,2483429,[],CHEMBL986145,Displacement of [3H]WIN-35428 from human recombinant DAT expressed in CHO cells at 1 uM,B,,,BAO_0001103,BAO_0000219,cell-based format,CNCC[C@H](c1cccc(F)c1)N1C(=O)C2(CCCCC2)c2ccccc21,,,CHEMBL1144192,Bioorg. Med. Chem. Lett.,2008,,CHEMBL515614,,CHEMBL515614,,0,http://qudt.org/vocab/unit#Percent,772231,=,1,0,=,,Activity,%,,20.0,CHEMBL238,Homo sapiens,Dopamine transporter,9606,,,Activity,%,UO_0000187,,20.0
,2483430,[],CHEMBL986145,Displacement of [3H]WIN-35428 from human recombinant DAT expressed in CHO cells at 1 uM,B,,,BAO_0001103,BAO_0000219,cell-based format,CNCC[C@H](c1ccccc1)N1C(=O)C2(CCCCC2)c2ccccc21,,,CHEMBL1144192,Bioorg. Med. Chem. Lett.,2008,,CHEMBL476154,,CHEMBL476154,,0,http://qudt.org/vocab/unit#Percent,772232,=,1,0,=,,Activity,%,,26.0,CHEMBL238,Homo sapiens,Dopamine transporter,9606,,,Activity,%,UO_0000187,,26.0
,2483431,[],CHEMBL986145,Displacement of [3H]WIN-35428 from human recombinant DAT expressed in CHO cells at 1 uM,B,,,BAO_0001103,BAO_0000219,cell-based format,CNCC[C@@H](c1cccc(F)c1)N1C(=O)C2(CCCCC2)c2ccccc21,,,CHEMBL1144192,Bioorg. Med. Chem. Lett.,2008,,CHEMBL475945,,CHEMBL475945,,0,http://qudt.org/vocab/unit#Percent,772313,=,1,0,=,,Activity,%,,1.0,CHEMBL238,Homo sapiens,Dopamine transporter,9606,,,Activity,%,UO_0000187,,1.0
,2483432,[],CHEMBL986145,Displacement of [3H]WIN-35428 from human recombinant DAT expressed in CHO cells at 1 uM,B,,,BAO_0001103,BAO_0000219,cell-based format,CNCC[C@@H](c1ccccc1)N1C(=O)C2(CCCCC2)c2ccccc21,,,CHEMBL1144192,Bioorg. Med. Chem. Lett.,2008,,CHEMBL514515,,CHEMBL514515,,0,http://qudt.org/vocab/unit#Percent,772314,=,1,0,=,,Activity,%,,0.0,CHEMBL238,Homo sapiens,Dopamine transporter,9606,,,Activity,%,UO_0000187,,0.0
Active,2525490,[],CHEMBL1001063,Binding affinity to DAT,B,,,BAO_0000375,BAO_0000357,single protein format,O=C(NN1CCCCC1)c1ccc2c(c1)N=C(C1CCCCC1)c1ccccc1S2,,,CHEMBL1138444,J. Med. Chem.,2009,,CHEMBL483749,,CHEMBL483749,,0,,808821,,1,0,,,Activity,,,,CHEMBL238,Homo sapiens,Dopamine transporter,9606,,,Activity,,,,
Active,2525491,[],CHEMBL1001063,Binding affinity to DAT,B,,,BAO_0000375,BAO_0000357,single protein format,CCCCNC(=O)c1ccc2c(c1)N=C(c1ccc(Cl)cc1)c1ccccc1S2,,,CHEMBL1138444,J. Med. Chem.,2009,,CHEMBL484952,,CHEMBL484952,,0,,808904,,1,0,,,Activity,,,,CHEMBL238,Homo sapiens,Dopamine transporter,9606,,,Activity,,,,
Active,2525492,[],CHEMBL1001063,Binding affinity to DAT,B,,,BAO_0000375,BAO_0000357,single protein format,CCCCNC(=O)c1ccc2c(c1)N=C(c1ccc(F)c(Cl)c1)c1ccccc1S2,,,CHEMBL1138444,J. Med. Chem.,2009,,CHEMBL520349,,CHEMBL520349,,0,,808980,,1,0,,,Activity,,,,CHEMBL238,Homo sapiens,Dopamine transporter,9606,,,Activity,,,,
Active,2657867,[],CHEMBL1032750,Binding affinity to 6xHis-tagged human dopamine transporter expressed in HEK293 cells assessed as drug incorporation at 30 nM after 1 hr by SDS-PAGE analysis,B,,,BAO_0000375,BAO_0000219,cell-based format,CCCC(C(=O)c1ccc(N=[N+]=[N-])c([125I])c1)N1CCCC1,,,CHEMBL1158432,Bioorg. Med. Chem.,2009,,CHEMBL569142,,CHEMBL558086,,0,,816212,,1,0,,,Activity,,,,CHEMBL238,Homo sapiens,Dopamine transporter,9606,,,Activity,,,,
Not Active,2657869,[],CHEMBL1032752,Binding affinity to 6xHis-tagged human dopamine transporter expressed in HEK293 cells assessed as drug incorporation at 30 nM after 1 hr by SDS-PAGE analysis in presence of cocaine,B,,,BAO_0000375,BAO_0000219,cell-based format,CCCC(C(=O)c1ccc(N=[N+]=[N-])c([125I])c1)N1CCCC1,,,CHEMBL1158432,Bioorg. Med. Chem.,2009,,CHEMBL569142,,CHEMBL558086,,0,,816212,,1,0,,,Activity,,,,CHEMBL238,Homo sapiens,Dopamine transporter,9606,,,Activity,,,,
,3099398,[],CHEMBL1069579,Displacement of [3H]BTCP from human recombinant DAT expressed in CHO cells at 10 uM after 120 mins by scintillation counting,B,,,BAO_0001103,BAO_0000219,cell-based format,CC(=O)N1CCN(C[C@@H](C)NC(=O)c2cc3c(-c4ccccc4)nn(C)c3s2)CC1,,,CHEMBL1159093,Bioorg. Med. Chem. Lett.,2010,,CHEMBL599760,,CHEMBL599760,,0,http://qudt.org/vocab/unit#Percent,885303,>,1,0,>,,Activity,%,,50.0,CHEMBL238,Homo sapiens,Dopamine transporter,9606,,,Activity,%,UO_0000187,,50.0
,3111644,[],CHEMBL1071541,Binding affinity to DAT at 10 uM by displacement assay,B,,,BAO_0001103,BAO_0000357,single protein format,Cn1/c(=N/NC(=O)CC(C)(C)C)sc2cc(OC(F)(F)F)ccc21,,,CHEMBL1157731,J. Med. Chem.,2010,,CHEMBL599376,,CHEMBL599376,,0,http://qudt.org/vocab/unit#Percent,882570,=,1,0,=,,Activity,%,,0.0,CHEMBL238,Homo sapiens,Dopamine transporter,9606,,,Activity,%,UO_0000187,,0.0
,3111645,[],CHEMBL1071541,Binding affinity to DAT at 10 uM by displacement assay,B,,,BAO_0001103,BAO_0000357,single protein format,Cn1/c(=N/NC(=O)CC2CCCC2)sc2cc(OC(F)(F)F)ccc21,,,CHEMBL1157731,J. Med. Chem.,2010,,CHEMBL609624,,CHEMBL609624,,0,http://qudt.org/vocab/unit#Percent,882571,=,1,0,=,,Activity,%,,21.0,CHEMBL238,Homo sapiens,Dopamine transporter,9606,,,Activity,%,UO_0000187,,21.0
,3111646,[],CHEMBL1071541,Binding affinity to DAT at 10 uM by displacement assay,B,,,BAO_0001103,BAO_0000357,single protein format,CC(C)OC(=O)N/N=c1\sc2cc(OC(F)(F)F)ccc2n1C,,,CHEMBL1157731,J. Med. Chem.,2010,,CHEMBL602305,,CHEMBL602305,,0,http://qudt.org/vocab/unit#Percent,882720,=,1,0,=,,Activity,%,,0.0,CHEMBL238,Homo sapiens,Dopamine transporter,9606,,,Activity,%,UO_0000187,,0.0
,3131238,[],CHEMBL1065537,Inhibition of DAT PDSP analysis,B,,,BAO_0001103,BAO_0000357,single protein format,NCCc1ccc(O)c(O)c1,,,CHEMBL1157703,Bioorg. Med. Chem.,2010,,CHEMBL59,DOPAMINE,CHEMBL59,,0,http://qudt.org/vocab/unit#Percent,881359,>,1,0,>,,Activity,%,,10000.0,CHEMBL238,Homo sapiens,Dopamine transporter,9606,,,Activity,%,UO_0000187,,10000.0
Active,3264594,[],CHEMBL1116246,Binding affinity to dopamine transporter at 10 uM by radioligand displacement assay,B,,,BAO_0000375,BAO_0000357,single protein format,CN1CCc2c(c3cc(S(=O)(=O)c4ccccc4)ccc3n2C)C1.Cl,,,CHEMBL1157011,Eur. J. Med. Chem.,2010,,CHEMBL1095274,,CHEMBL1199079,,0,,905378,,1,0,,,Activity,,,,CHEMBL238,Homo sapiens,Dopamine transporter,9606,,,Activity,,,,
Active,5130946,[],CHEMBL1647748,Binding affinity to human DAT expressed in UV irradiated mouse N2A cells by photoaffinity labeling assay,B,,,BAO_0000375,BAO_0000219,cell-based format,COC(=O)[C@H](c1ccc([125I])cc1)[C@H]1CCCCN1Cc1ccc(N=[N+]=[N-])cc1,,,CHEMBL1641574,Bioorg. Med. Chem.,2011,,CHEMBL1641698,,CHEMBL1641692,,0,,1316862,,1,0,,,Activity,,,,CHEMBL238,Homo sapiens,Dopamine transporter,9606,,,Activity,,,,
,5197240,[],CHEMBL1670486,Binding affinity to dopamine transporter,B,,,BAO_0001103,BAO_0000357,single protein format,O=c1[nH]ccc2cc(O[C@H]3CCCNC3)ccc12,,,CHEMBL1667835,Bioorg. Med. Chem. Lett.,2011,,CHEMBL1667967,,CHEMBL1667967,,0,http://qudt.org/vocab/unit#Percent,1327434,=,1,0,=,,Activity,%,,43.0,CHEMBL238,Homo sapiens,Dopamine transporter,9606,,,Activity,%,UO_0000187,,43.0
Not Active,6153735,[],CHEMBL1764440,Binding affinity to Dopamine transporter at 10 uM by radioligand binding assay,B,,,BAO_0000375,BAO_0000357,single protein format,CNc1nn2c(C)cc(C)nc2c1S(=O)(=O)c1ccccc1,,,CHEMBL1759918,Eur. J. Med. Chem.,2011,,CHEMBL1668584,,CHEMBL1668584,,0,,1415067,,1,0,,,Activity,,,,CHEMBL238,Homo sapiens,Dopamine transporter,9606,,,Activity,,,,
,6186774,[],CHEMBL1775417,Binding affinity to DAT at 10 uM by radioligand binding assay,B,,,BAO_0001103,BAO_0000357,single protein format,Cc1cc(NC(=O)CS(=O)(=O)c2cn(Cc3cc(Br)ccc3F)c3ccccc23)no1,,,CHEMBL1772947,Bioorg. Med. Chem. Lett.,2011,,CHEMBL1357815,,CHEMBL1357815,,0,http://qudt.org/vocab/unit#Percent,1420673,=,1,0,=,,Activity,%,,83.0,CHEMBL238,Homo sapiens,Dopamine transporter,9606,,,Activity,%,UO_0000187,,83.0
Active,8024840,[],CHEMBL1948378,Binding affinity to human His6-DAT expressed in LLCPK1 cells at 10 nM after 1.5 hrs measured 2 mins post-irradiation by SDS-PAGE/autoradiography,B,,,BAO_0000375,BAO_0000219,cell-based format,CC(NC(C)(C)C)C(=O)c1ccc(N=[N+]=[N-])c([125I])c1,,,CHEMBL1944584,Bioorg. Med. Chem. Lett.,2012,,CHEMBL1946575,,CHEMBL1962964,,0,,1575906,,1,0,,,Activity,,,,CHEMBL238,Homo sapiens,Dopamine transporter,9606,,,Activity,,,,
Not Active,8024841,[],CHEMBL1948379,Binding affinity to human His6-DAT expressed in LLCPK1 cells at 10 nM after 1.5 hrs measured 2 mins post-irradiation by autoradiography in the presence of (+/-)-bupropion,B,,,BAO_0000375,BAO_0000219,cell-based format,CC(NC(C)(C)C)C(=O)c1ccc(N=[N+]=[N-])c([125I])c1,,,CHEMBL1944584,Bioorg. Med. Chem. Lett.,2012,,CHEMBL1946575,,CHEMBL1962964,,0,,1575906,,1,0,,,Activity,,,,CHEMBL238,Homo sapiens,Dopamine transporter,9606,,,Activity,,,,
Not Active,8024842,[],CHEMBL1948380,Binding affinity to human His6-DAT expressed in LLCPK1 cells at 10 nM after 1.5 hrs measured 2 mins post-irradiation by autoradiography in the presence of (+/-)-cocaine,B,,,BAO_0000375,BAO_0000219,cell-based format,CC(NC(C)(C)C)C(=O)c1ccc(N=[N+]=[N-])c([125I])c1,,,CHEMBL1944584,Bioorg. Med. Chem. Lett.,2012,,CHEMBL1946575,,CHEMBL1962964,,0,,1575906,,1,0,,,Activity,,,,CHEMBL238,Homo sapiens,Dopamine transporter,9606,,,Activity,,,,
,10836178,[],CHEMBL2015107,Binding affinity to human DAT,B,,,BAO_0000181,BAO_0000357,single protein format,[3H]C(CCN(C)C)C1(c2ccc(F)cc2)OCc2cc(C#N)ccc21,,,CHEMBL2010703,Bioorg. Med. Chem.,2012,,CHEMBL1628605,[3H]CITALOPRAM,CHEMBL549,,0,http://www.openphacts.org/units/Micromolar,1632656,=,1,0,=,,Activity,uM,,17.7,CHEMBL238,Homo sapiens,Dopamine transporter,9606,,,Activity,uM,UO_0000064,,17.7
Active,10978288,[],CHEMBL2065337,Binding affinity to His6-tagged human DAT expressed in pig LLC-PK1 cells at 10 nM incubated for 1.5 hrs prior to irradiation measured after 5 mins by photoaffinity labeling-based autoradiographic analysis,B,,,BAO_0000375,BAO_0000219,cell-based format,COC(=O)[C@H](c1ccc(N=[N+]=[N-])c([125I])c1)[C@H]1CCCCN1,,,CHEMBL2062423,ACS Med. Chem. Lett.,2012,,CHEMBL2062934,,CHEMBL2062931,,0,,1658636,,1,0,,,Activity,,,,CHEMBL238,Homo sapiens,Dopamine transporter,9606,,,Activity,,,,
Not Active,10978289,[],CHEMBL2065338,Binding affinity to His6-tagged human DAT expressed in pig LLC-PK1 cells at 10 nM incubated for 1.5 hrs prior to irradiation measured after 5 mins by photoaffinity labeling-based autoradiographic analysis in presence of (-)-cocaine,B,,,BAO_0000375,BAO_0000219,cell-based format,COC(=O)[C@H](c1ccc(N=[N+]=[N-])c([125I])c1)[C@H]1CCCCN1,,,CHEMBL2062423,ACS Med. Chem. Lett.,2012,,CHEMBL2062934,,CHEMBL2062931,,0,,1658636,,1,0,,,Activity,,,,CHEMBL238,Homo sapiens,Dopamine transporter,9606,,,Activity,,,,
Not Active,10978290,[],CHEMBL2065339,Binding affinity to His6-tagged human DAT expressed in pig LLC-PK1 cells at 10 nM incubated for 1.5 hrs prior to irradiation measured after 5 mins by photoaffinity labeling-based autoradiographic analysis in presence of D-methylphenidate,B,,,BAO_0000375,BAO_0000219,cell-based format,COC(=O)[C@H](c1ccc(N=[N+]=[N-])c([125I])c1)[C@H]1CCCCN1,,,CHEMBL2062423,ACS Med. Chem. Lett.,2012,,CHEMBL2062934,,CHEMBL2062931,,0,,1658636,,1,0,,,Activity,,,,CHEMBL238,Homo sapiens,Dopamine transporter,9606,,,Activity,,,,
Not Active,12103141,[],CHEMBL2175923,Binding affinity to DAT at 1 uM by radioligand displacement assay,B,,,BAO_0000375,BAO_0000357,single protein format,CNc1nn2cc3c(nc2c1S(=O)(=O)c1ccccc1)CCN(C)C3,,,CHEMBL2169877,Bioorg. Med. Chem. Lett.,2012,,CHEMBL2172192,,CHEMBL2172192,,0,,1742315,,1,0,,,Activity,,,,CHEMBL238,Homo sapiens,Dopamine transporter,9606,,,Activity,,,,
,12188523,[],CHEMBL2212512,Binding affinity to DAT at 10 uM by CEREP assay,B,,,BAO_0001103,BAO_0000357,single protein format,COc1c(F)ccc(F)c1C1CCN(c2ccn3c(CC4CC4)nnc3c2Cl)CC1,,,CHEMBL2202996,J. Med. Chem.,2012,,CHEMBL2206445,,CHEMBL2206445,,0,http://qudt.org/vocab/unit#Percent,1759999,=,1,0,=,,Activity,%,,52.0,CHEMBL238,Homo sapiens,Dopamine transporter,9606,,,Activity,%,UO_0000187,,52.0
,12188524,[],CHEMBL2212512,Binding affinity to DAT at 10 uM by CEREP assay,B,,,BAO_0001103,BAO_0000357,single protein format,COc1ccc(F)cc1C1CCN(c2ccn3c(CC4CC4)nnc3c2Cl)CC1,,,CHEMBL2202996,J. Med. Chem.,2012,,CHEMBL2206441,,CHEMBL2206441,,0,http://qudt.org/vocab/unit#Percent,1759995,=,1,0,=,,Activity,%,,83.0,CHEMBL238,Homo sapiens,Dopamine transporter,9606,,,Activity,%,UO_0000187,,83.0
Active,12731875,[],CHEMBL2351066,Binding affinity to dopamine transporter (unknown origin),B,,,BAO_0000375,BAO_0000357,single protein format,CC(C)C[C@H](CO)Nc1nc(S[C@@H](C)c2ccccc2)nc2nc(N)sc12,,,CHEMBL2346562,J. Med. Chem.,2013,,CHEMBL2349310,,CHEMBL2349310,,0,,1877502,,1,0,,,Activity,,,,CHEMBL238,Homo sapiens,Dopamine transporter,9606,,,Activity,,,,
Not Active,13328739,[],CHEMBL2387902,Binding affinity to human dopamine transporter by radioligand binding assay,B,,,BAO_0000375,BAO_0000357,single protein format,Cc1cccc2nc(Cn3cnc4ccccc43)cc(=O)n12,,,CHEMBL2385076,Bioorg. Med. Chem. Lett.,2013,,CHEMBL2386917,,CHEMBL2386917,,0,,1897456,,1,0,,,Activity,,,,CHEMBL238,Homo sapiens,Dopamine transporter,9606,,,Activity,,,,
Not Active,13470584,[],CHEMBL2432987,Activity at human DAT expressed in MDCK cells assessed as dopamine release at 0.5 to 500 uM after 10 mins using [3H]-dopamine pretreated for 1 hr before compound addition followed by wash out by reversed transport efflux assay,B,,,BAO_0000375,BAO_0000219,cell-based format,O=C1OC[C@H](Cc2ccc3c(c2)OCO3)[C@H]1Cc1ccc2c(c1)OCO2,,,CHEMBL2429840,J. Nat. Prod.,2013,,CHEMBL242011,HINOKININ,CHEMBL242011,,0,,1922764,,1,0,,,Activity,,,,CHEMBL238,Homo sapiens,Dopamine transporter,9606,,,Activity,,,,
Not Active,14641516,[],CHEMBL3266172,Binding affinity to DAT (unknown origin) at 10 uM,B,,,BAO_0000375,BAO_0000357,single protein format,COc1ccc(C(=O)N2CCN(C(=O)/C=C/c3ccc(Br)cc3)CC2)cc1,,,CHEMBL3259772,J. Med. Chem.,2014,,CHEMBL3262896,,CHEMBL3262896,,0,,2101738,,1,0,,,Activity,,,,CHEMBL238,Homo sapiens,Dopamine transporter,9606,,,Activity,,,,
Not Active,15013696,[],CHEMBL3366109,Displacement of [3H]WIN35428 from human DAT expressed in HEK cells at 10 uM after 90 mins by microbeta counting analysis,B,,,BAO_0000375,BAO_0000219,cell-based format,COC(=O)CCc1cc2cc(C)oc(=O)c2c(O)c1O,,,CHEMBL3352407,J. Nat. Prod.,2014,,CHEMBL3310035,,CHEMBL3310035,,0,,2242103,,1,0,,,Activity,,,,CHEMBL238,Homo sapiens,Dopamine transporter,9606,,,Activity,,,,
,15119282,[],CHEMBL3383660,Binding affinity to dopamine transporter (unknown origin) at 10 uM by radioligand binding assay,B,,,BAO_0001103,BAO_0000357,single protein format,Clc1ccc(CN2CCO[C@H](CCc3ccccc3)C2)cc1,,,CHEMBL3352711,ACS Med. Chem. Lett.,2014,,CHEMBL3335556,,CHEMBL3335556,,0,http://qudt.org/vocab/unit#Percent,2251560,=,1,0,=,,Activity,%,,72.0,CHEMBL238,Homo sapiens,Dopamine transporter,9606,,,Activity,%,UO_0000187,,72.0
Not Active,15609151,[],CHEMBL3579132,Binding affinity to human DAT at 1 uM,B,,,BAO_0000375,BAO_0000357,single protein format,CC(C)N1CCN(C(=O)c2ccc(CN3CCCCC3)cc2)CC1,,,CHEMBL3576859,ACS Med. Chem. Lett.,2015,,CHEMBL1783889,,CHEMBL1783889,,0,,2480723,,1,0,,,Activity,,,,CHEMBL238,Homo sapiens,Dopamine transporter,9606,,,Activity,,,,
Not Active,15609152,[],CHEMBL3579132,Binding affinity to human DAT at 1 uM,B,,,BAO_0000375,BAO_0000357,single protein format,CC(C)N1CCN(C(=O)c2ccc(CN3CCOCC3)cc2)CC1.O=C(O)/C=C\C(=O)O,,,CHEMBL3576859,ACS Med. Chem. Lett.,2015,,CHEMBL3577955,,CHEMBL3580473,,0,,2480724,,1,0,,,Activity,,,,CHEMBL238,Homo sapiens,Dopamine transporter,9606,,,Activity,,,,
Not Active,15609153,[],CHEMBL3579132,Binding affinity to human DAT at 1 uM,B,,,BAO_0000375,BAO_0000357,single protein format,O=C(c1ccc(CN2CCOCC2)cc1)N1CCN(C2CCC2)CC1,,,CHEMBL3576859,ACS Med. Chem. Lett.,2015,,CHEMBL3577956,,CHEMBL3577956,,0,,2480725,,1,0,,,Activity,,,,CHEMBL238,Homo sapiens,Dopamine transporter,9606,,,Activity,,,,
Not Active,15609154,[],CHEMBL3579132,Binding affinity to human DAT at 1 uM,B,,,BAO_0000375,BAO_0000357,single protein format,Cl.O=C(c1ccc(CN2CCOCC2)cc1)N1CCN(C2CC2)CC1,,,CHEMBL3576859,ACS Med. Chem. Lett.,2015,,CHEMBL3577957,,CHEMBL2103862,,0,,2480726,,1,0,,,Activity,,,,CHEMBL238,Homo sapiens,Dopamine transporter,9606,,,Activity,,,,
,16413341,[],CHEMBL3744649,Binding affinity to human recombinant dopamine transporter expressed in CHO cells,B,,,BAO_0001103,BAO_0000219,cell-based format,O=C(O)C1CN(Cc2ccc(OCc3ccc(Cl)c(Cl)c3)cc2)C1,,,CHEMBL3739276,J. Med. Chem.,2015,,CHEMBL3741589,,CHEMBL3741589,,0,http://qudt.org/vocab/unit#Percent,2738383,=,1,0,=,,Activity,%,,63.0,CHEMBL238,Homo sapiens,Dopamine transporter,9606,,,Activity,%,UO_0000187,,63.0
,16498615,[],CHEMBL3777195,Binding affinity to human dopamine transporter at 10 uM by radioligand binding assay,B,,,BAO_0001103,BAO_0000357,single protein format,CCCCCCNC(=O)Oc1cccc(-c2ccc([C@H](C)C(=O)O)cc2F)c1,,,CHEMBL3774360,Eur. J. Med. Chem.,2016,,CHEMBL3774784,,CHEMBL3774784,,0,http://qudt.org/vocab/unit#Percent,2762708,=,1,0,=,,Activity,%,,13.5,CHEMBL238,Homo sapiens,Dopamine transporter,9606,,,Activity,%,UO_0000187,,13.5
,16536173,[],CHEMBL3789621,Displacement of [3H]BTCP from human recombinant dopamine transporter expressed in CHO cells assessed as remaining radioligand binding at 10 uM after 120 mins by scintillation counting method relative to control,B,,,BAO_0001103,BAO_0000219,cell-based format,Cn1cnc2ncn(Cc3nc(CCc4ccc(Cl)cc4)no3)c(=O)c21,,,CHEMBL3784976,J. Med. Chem.,2016,,CHEMBL3785736,,CHEMBL3785736,,0,http://qudt.org/vocab/unit#Percent,2767032,>,1,0,>,,Activity,%,,77.0,CHEMBL238,Homo sapiens,Dopamine transporter,9606,,,Activity,%,UO_0000187,,77.0
,16561852,[],CHEMBL3803503,"Increase in [3H]methyl (1R,2S,3S)-3-(4-fluorophenyl)-8-methyl-8-azabicyclo[3.2.1]octane-2-carboxylate binding to recombinant human DAT expressed in HEK293 cells at 10 uM by PDSP assay",B,,,BAO_0001103,BAO_0000219,cell-based format,CNC(=O)[C@@]12C[C@@H]1[C@@H](n1cnc3c(C)nc(C#Cc4ccccc4)nc31)[C@H](O)[C@@H]2O,,,CHEMBL3797168,J. Med. Chem.,2016,,CHEMBL3800048,,CHEMBL3800048,,0,http://qudt.org/vocab/unit#Percent,2774139,=,1,0,=,,Activity,%,,200.0,CHEMBL238,Homo sapiens,Dopamine transporter,9606,,,Activity,%,UO_0000187,,200.0
Active,16781492,[],CHEMBL3865558,Activity at dopamine transporter (unknown origin) at <1 uM,B,,,BAO_0000375,BAO_0000357,single protein format,CCS(=O)(=O)c1cc(Nc2ncc(F)c(N(Cc3ccccc3C#N)c3cc(CO)ccc3C)n2)ccc1N1CCN(C)CC1,,,CHEMBL3864184,ACS Med Chem Lett,2016,,CHEMBL3923175,,CHEMBL3923175,,0,,2805627,,1,0,,,Activity,,,,CHEMBL238,Homo sapiens,Dopamine transporter,9606,,,Activity,,,,
Not Active,18050139,[],CHEMBL4011333,"Enhancing of [3H]WIN35,428 binding to recombinant human DAT expressed in HEK293 cell membranes at 10 uM pre-incubated for 10 mins before radioligand addition and measured 90 mins after radioligand addition by micro beta scintillation counting analysis relative to control",B,,,BAO_0000375,BAO_0000219,cell-based format,CCNc1cc(C#Cc2ccc(Cl)s2)nc2c1ncn2[C@H]1[C@H](O)[C@H](O)[C@]2(C(=O)NC)C[C@H]12,,,CHEMBL4007505,J Med Chem,2017,,CHEMBL3612940,,CHEMBL3612940,,0,,2991343,,1,0,,,Activity,,,,CHEMBL238,Homo sapiens,Dopamine transporter,9606,,,Activity,,,,
,18050140,[],CHEMBL4011333,"Enhancing of [3H]WIN35,428 binding to recombinant human DAT expressed in HEK293 cell membranes at 10 uM pre-incubated for 10 mins before radioligand addition and measured 90 mins after radioligand addition by micro beta scintillation counting analysis relative to control",B,,,BAO_0001103,BAO_0000219,cell-based format,CNC(=O)[C@@]12C[C@@H]1[C@@H](n1cnc3c(NC)nc(C#Cc4ccc(Cl)s4)cc31)[C@H](O)[C@@H]2O,,,CHEMBL4007505,J Med Chem,2017,,CHEMBL4071867,,CHEMBL4071867,,0,http://qudt.org/vocab/unit#Percent,2991344,=,1,0,=,,Activity,%,,334.0,CHEMBL238,Homo sapiens,Dopamine transporter,9606,,,Activity,%,UO_0000187,,334.0
,18050141,[],CHEMBL4011333,"Enhancing of [3H]WIN35,428 binding to recombinant human DAT expressed in HEK293 cell membranes at 10 uM pre-incubated for 10 mins before radioligand addition and measured 90 mins after radioligand addition by micro beta scintillation counting analysis relative to control",B,,,BAO_0001103,BAO_0000219,cell-based format,CNc1nc(C#Cc2ccc(Cl)s2)nc2c1ncn2[C@H]1[C@H](O)[C@H](O)[C@]2(C(=O)NCCN)C[C@H]12,,,CHEMBL4007505,J Med Chem,2017,,CHEMBL4081828,,CHEMBL4081828,,0,http://qudt.org/vocab/unit#Percent,2991346,=,1,0,=,,Activity,%,,136.0,CHEMBL238,Homo sapiens,Dopamine transporter,9606,,,Activity,%,UO_0000187,,136.0
,18050142,[],CHEMBL4011333,"Enhancing of [3H]WIN35,428 binding to recombinant human DAT expressed in HEK293 cell membranes at 10 uM pre-incubated for 10 mins before radioligand addition and measured 90 mins after radioligand addition by micro beta scintillation counting analysis relative to control",B,,,BAO_0001103,BAO_0000219,cell-based format,CNc1nc(C#Cc2ccc(Cl)s2)nc2c1ncn2[C@H]1[C@H](O)[C@H](O)[C@]2(C(=O)OC)C[C@H]12,,,CHEMBL4007505,J Med Chem,2017,,CHEMBL4066973,,CHEMBL4066973,,0,http://qudt.org/vocab/unit#Percent,2991347,=,1,0,=,,Activity,%,,352.0,CHEMBL238,Homo sapiens,Dopamine transporter,9606,,,Activity,%,UO_0000187,,352.0
,18050143,[],CHEMBL4011333,"Enhancing of [3H]WIN35,428 binding to recombinant human DAT expressed in HEK293 cell membranes at 10 uM pre-incubated for 10 mins before radioligand addition and measured 90 mins after radioligand addition by micro beta scintillation counting analysis relative to control",B,,,BAO_0001103,BAO_0000219,cell-based format,CCOC(=O)[C@@]12C[C@@H]1[C@@H](n1cnc3c(NC)nc(C#Cc4ccc(Cl)s4)nc31)[C@H](O)[C@@H]2O,,,CHEMBL4007505,J Med Chem,2017,,CHEMBL4093756,,CHEMBL4093756,,0,http://qudt.org/vocab/unit#Percent,2991348,=,1,0,=,,Activity,%,,539.0,CHEMBL238,Homo sapiens,Dopamine transporter,9606,,,Activity,%,UO_0000187,,539.0
,18050144,[],CHEMBL4011333,"Enhancing of [3H]WIN35,428 binding to recombinant human DAT expressed in HEK293 cell membranes at 10 uM pre-incubated for 10 mins before radioligand addition and measured 90 mins after radioligand addition by micro beta scintillation counting analysis relative to control",B,,,BAO_0001103,BAO_0000219,cell-based format,CNc1nc(C#Cc2ccc(Br)s2)nc2c1ncn2[C@H]1[C@H](O)[C@H](O)[C@]2(C(=O)OC)C[C@H]12,,,CHEMBL4007505,J Med Chem,2017,,CHEMBL4071830,,CHEMBL4071830,,0,http://qudt.org/vocab/unit#Percent,2991349,=,1,0,=,,Activity,%,,370.0,CHEMBL238,Homo sapiens,Dopamine transporter,9606,,,Activity,%,UO_0000187,,370.0
,18050145,[],CHEMBL4011333,"Enhancing of [3H]WIN35,428 binding to recombinant human DAT expressed in HEK293 cell membranes at 10 uM pre-incubated for 10 mins before radioligand addition and measured 90 mins after radioligand addition by micro beta scintillation counting analysis relative to control",B,,,BAO_0001103,BAO_0000219,cell-based format,CCOC(=O)[C@@]12C[C@@H]1[C@@H](n1cnc3c(NC)nc(C#Cc4ccc(Br)s4)nc31)[C@H](O)[C@@H]2O,,,CHEMBL4007505,J Med Chem,2017,,CHEMBL4097426,,CHEMBL4097426,,0,http://qudt.org/vocab/unit#Percent,2991350,=,1,0,=,,Activity,%,,430.0,CHEMBL238,Homo sapiens,Dopamine transporter,9606,,,Activity,%,UO_0000187,,430.0
,18050146,[],CHEMBL4011333,"Enhancing of [3H]WIN35,428 binding to recombinant human DAT expressed in HEK293 cell membranes at 10 uM pre-incubated for 10 mins before radioligand addition and measured 90 mins after radioligand addition by micro beta scintillation counting analysis relative to control",B,,,BAO_0001103,BAO_0000219,cell-based format,CCOC(=O)[C@@]12C[C@@H]1[C@@H](n1cnc3c(NC)nc(C#Cc4ccc(Cl)s4)cc31)[C@H](O)[C@@H]2O,,,CHEMBL4007505,J Med Chem,2017,,CHEMBL4078926,,CHEMBL4078926,,0,http://qudt.org/vocab/unit#Percent,2991351,=,1,0,=,,Activity,%,,354.0,CHEMBL238,Homo sapiens,Dopamine transporter,9606,,,Activity,%,UO_0000187,,354.0
,18050147,[],CHEMBL4011333,"Enhancing of [3H]WIN35,428 binding to recombinant human DAT expressed in HEK293 cell membranes at 10 uM pre-incubated for 10 mins before radioligand addition and measured 90 mins after radioligand addition by micro beta scintillation counting analysis relative to control",B,,,BAO_0001103,BAO_0000219,cell-based format,CCCOC(=O)[C@@]12C[C@@H]1[C@@H](n1cnc3c(NC)nc(C#Cc4ccc(Cl)s4)nc31)[C@H](O)[C@@H]2O,,,CHEMBL4007505,J Med Chem,2017,,CHEMBL4105127,,CHEMBL4105127,,0,http://qudt.org/vocab/unit#Percent,2991352,=,1,0,=,,Activity,%,,426.0,CHEMBL238,Homo sapiens,Dopamine transporter,9606,,,Activity,%,UO_0000187,,426.0
Not Active,18050148,[],CHEMBL4011333,"Enhancing of [3H]WIN35,428 binding to recombinant human DAT expressed in HEK293 cell membranes at 10 uM pre-incubated for 10 mins before radioligand addition and measured 90 mins after radioligand addition by micro beta scintillation counting analysis relative to control",B,,,BAO_0000375,BAO_0000219,cell-based format,CNc1nc(C#Cc2ccc(Cl)s2)nc2c1ncn2[C@H]1[C@H](O)[C@H](O)[C@]2(C(=O)OC(C)C)C[C@H]12,,,CHEMBL4007505,J Med Chem,2017,,CHEMBL4072303,,CHEMBL4072303,,0,,2991353,,1,0,,,Activity,,,,CHEMBL238,Homo sapiens,Dopamine transporter,9606,,,Activity,,,,
,18050149,[],CHEMBL4011333,"Enhancing of [3H]WIN35,428 binding to recombinant human DAT expressed in HEK293 cell membranes at 10 uM pre-incubated for 10 mins before radioligand addition and measured 90 mins after radioligand addition by micro beta scintillation counting analysis relative to control",B,,,BAO_0001103,BAO_0000219,cell-based format,CCCCOC(=O)[C@@]12C[C@@H]1[C@@H](n1cnc3c(NC)nc(C#Cc4ccc(Cl)s4)nc31)[C@H](O)[C@@H]2O,,,CHEMBL4007505,J Med Chem,2017,,CHEMBL4068757,,CHEMBL4068757,,0,http://qudt.org/vocab/unit#Percent,2991354,=,1,0,=,,Activity,%,,285.0,CHEMBL238,Homo sapiens,Dopamine transporter,9606,,,Activity,%,UO_0000187,,285.0
,18050150,[],CHEMBL4011333,"Enhancing of [3H]WIN35,428 binding to recombinant human DAT expressed in HEK293 cell membranes at 10 uM pre-incubated for 10 mins before radioligand addition and measured 90 mins after radioligand addition by micro beta scintillation counting analysis relative to control",B,,,BAO_0001103,BAO_0000219,cell-based format,CNc1nc(C#Cc2ccc(Cl)s2)nc2c1ncn2[C@H]1[C@H](O)[C@H](O)[C@]2(C(=O)OCCC(C)C)C[C@H]12,,,CHEMBL4007505,J Med Chem,2017,,CHEMBL4081194,,CHEMBL4081194,,0,http://qudt.org/vocab/unit#Percent,2991329,=,1,0,=,,Activity,%,,196.0,CHEMBL238,Homo sapiens,Dopamine transporter,9606,,,Activity,%,UO_0000187,,196.0
Not Active,18050151,[],CHEMBL4011333,"Enhancing of [3H]WIN35,428 binding to recombinant human DAT expressed in HEK293 cell membranes at 10 uM pre-incubated for 10 mins before radioligand addition and measured 90 mins after radioligand addition by micro beta scintillation counting analysis relative to control",B,,,BAO_0000375,BAO_0000219,cell-based format,CNc1nc(C#Cc2ccc(Cl)s2)nc2c1ncn2[C@H]1[C@H](O)[C@H](O)[C@]2(C(=O)OCCC3CCCCC3)C[C@H]12,,,CHEMBL4007505,J Med Chem,2017,,CHEMBL4105446,,CHEMBL4105446,,0,,2991330,,1,0,,,Activity,,,,CHEMBL238,Homo sapiens,Dopamine transporter,9606,,,Activity,,,,
Not Active,18050152,[],CHEMBL4011333,"Enhancing of [3H]WIN35,428 binding to recombinant human DAT expressed in HEK293 cell membranes at 10 uM pre-incubated for 10 mins before radioligand addition and measured 90 mins after radioligand addition by micro beta scintillation counting analysis relative to control",B,,,BAO_0000375,BAO_0000219,cell-based format,CNc1nc(C#Cc2ccc(Cl)s2)nc2c1ncn2[C@H]1[C@H](O)[C@H](O)[C@]2(C(=O)OCc3ccccc3)C[C@H]12,,,CHEMBL4007505,J Med Chem,2017,,CHEMBL4089071,,CHEMBL4089071,,0,,2991331,,1,0,,,Activity,,,,CHEMBL238,Homo sapiens,Dopamine transporter,9606,,,Activity,,,,
Not Active,18050153,[],CHEMBL4011333,"Enhancing of [3H]WIN35,428 binding to recombinant human DAT expressed in HEK293 cell membranes at 10 uM pre-incubated for 10 mins before radioligand addition and measured 90 mins after radioligand addition by micro beta scintillation counting analysis relative to control",B,,,BAO_0000375,BAO_0000219,cell-based format,CNc1nc(C#Cc2ccc(Cl)s2)nc2c1ncn2[C@H]1[C@H](O)[C@H](O)[C@]2(C(=O)OCCc3ccccc3)C[C@H]12,,,CHEMBL4007505,J Med Chem,2017,,CHEMBL4067857,,CHEMBL4067857,,0,,2991332,,1,0,,,Activity,,,,CHEMBL238,Homo sapiens,Dopamine transporter,9606,,,Activity,,,,
Not Active,18050154,[],CHEMBL4011333,"Enhancing of [3H]WIN35,428 binding to recombinant human DAT expressed in HEK293 cell membranes at 10 uM pre-incubated for 10 mins before radioligand addition and measured 90 mins after radioligand addition by micro beta scintillation counting analysis relative to control",B,,,BAO_0000375,BAO_0000219,cell-based format,CNc1nc(C#Cc2ccc(Cl)s2)nc2c1ncn2[C@H]1[C@H](O)[C@H](O)[C@]2(C(=O)OCCCc3ccccc3)C[C@H]12,,,CHEMBL4007505,J Med Chem,2017,,CHEMBL4096775,,CHEMBL4096775,,0,,2991333,,1,0,,,Activity,,,,CHEMBL238,Homo sapiens,Dopamine transporter,9606,,,Activity,,,,
,18050155,[],CHEMBL4011333,"Enhancing of [3H]WIN35,428 binding to recombinant human DAT expressed in HEK293 cell membranes at 10 uM pre-incubated for 10 mins before radioligand addition and measured 90 mins after radioligand addition by micro beta scintillation counting analysis relative to control",B,,,BAO_0001103,BAO_0000219,cell-based format,CNc1nc(C#Cc2ccc(Cl)s2)nc2c1ncn2[C@H]1[C@H](O)[C@H](O)[C@]2(C(=O)O)C[C@H]12,,,CHEMBL4007505,J Med Chem,2017,,CHEMBL4078748,,CHEMBL4078748,,0,http://qudt.org/vocab/unit#Percent,2991334,=,1,0,=,,Activity,%,,50.0,CHEMBL238,Homo sapiens,Dopamine transporter,9606,,,Activity,%,UO_0000187,,50.0
,18050156,[],CHEMBL4011333,"Enhancing of [3H]WIN35,428 binding to recombinant human DAT expressed in HEK293 cell membranes at 10 uM pre-incubated for 10 mins before radioligand addition and measured 90 mins after radioligand addition by micro beta scintillation counting analysis relative to control",B,,,BAO_0001103,BAO_0000219,cell-based format,CNC(=O)[C@H]1O[C@@H](n2cnc3c(NC)nc(C#Cc4ccc(Cl)s4)nc32)[C@H](O)[C@@H]1O,,,CHEMBL4007505,J Med Chem,2017,,CHEMBL4090355,,CHEMBL4090355,,0,http://qudt.org/vocab/unit#Percent,2991335,=,1,0,=,,Activity,%,,321.0,CHEMBL238,Homo sapiens,Dopamine transporter,9606,,,Activity,%,UO_0000187,,321.0
,18050157,[],CHEMBL4011333,"Enhancing of [3H]WIN35,428 binding to recombinant human DAT expressed in HEK293 cell membranes at 10 uM pre-incubated for 10 mins before radioligand addition and measured 90 mins after radioligand addition by micro beta scintillation counting analysis relative to control",B,,,BAO_0001103,BAO_0000219,cell-based format,CCCNc1nc(C#Cc2ccc(Cl)s2)nc2c1ncn2[C@@H]1O[C@H](C(=O)NC)[C@@H](O)[C@H]1O,,,CHEMBL4007505,J Med Chem,2017,,CHEMBL4086593,,CHEMBL4086593,,0,http://qudt.org/vocab/unit#Percent,2991336,=,1,0,=,,Activity,%,,84.0,CHEMBL238,Homo sapiens,Dopamine transporter,9606,,,Activity,%,UO_0000187,,84.0
,18050158,[],CHEMBL4011333,"Enhancing of [3H]WIN35,428 binding to recombinant human DAT expressed in HEK293 cell membranes at 10 uM pre-incubated for 10 mins before radioligand addition and measured 90 mins after radioligand addition by micro beta scintillation counting analysis relative to control",B,,,BAO_0001103,BAO_0000219,cell-based format,CNc1nc(C#Cc2ccc(Cl)s2)nc2c1ncn2[C@@H]1O[C@H](C(=O)OC)[C@@H](O)[C@H]1O,,,CHEMBL4007505,J Med Chem,2017,,CHEMBL4092411,,CHEMBL4092411,,0,http://qudt.org/vocab/unit#Percent,2991337,=,1,0,=,,Activity,%,,220.0,CHEMBL238,Homo sapiens,Dopamine transporter,9606,,,Activity,%,UO_0000187,,220.0
,18050229,[],CHEMBL4011340,Enhancing of [125I]RTI-55 binding to recombinant human DAT expressed in HEK293 cell membranes preincubated for 10 mins followed by radioligand addition measured after 90 mins by micro beta scintillation counting analysis,B,,,BAO_0001103,BAO_0000219,cell-based format,CNC(=O)[C@@]12C[C@@H]1[C@@H](n1cnc3c(NC)nc(C#Cc4ccc(Cl)s4)nc31)[C@H](O)[C@@H]2O,,,CHEMBL4007505,J Med Chem,2017,,CHEMBL3407784,,CHEMBL3407784,,0,http://qudt.org/vocab/unit#Percent,2991340,=,1,0,=,,Activity,%,,550.0,CHEMBL238,Homo sapiens,Dopamine transporter,9606,,,Activity,%,UO_0000187,,550.0
,18050230,[],CHEMBL4011340,Enhancing of [125I]RTI-55 binding to recombinant human DAT expressed in HEK293 cell membranes preincubated for 10 mins followed by radioligand addition measured after 90 mins by micro beta scintillation counting analysis,B,,,BAO_0001103,BAO_0000219,cell-based format,CNC(=O)[C@@]12C[C@@H]1[C@@H](n1cnc3c(NC)nc(C#Cc4ccc(Br)s4)nc31)[C@H](O)[C@@H]2O,,,CHEMBL4007505,J Med Chem,2017,,CHEMBL3407785,,CHEMBL3407785,,0,http://qudt.org/vocab/unit#Percent,2991341,=,1,0,=,,Activity,%,,217.0,CHEMBL238,Homo sapiens,Dopamine transporter,9606,,,Activity,%,UO_0000187,,217.0
,18050231,[],CHEMBL4011340,Enhancing of [125I]RTI-55 binding to recombinant human DAT expressed in HEK293 cell membranes preincubated for 10 mins followed by radioligand addition measured after 90 mins by micro beta scintillation counting analysis,B,,,BAO_0001103,BAO_0000219,cell-based format,CNC(=O)[C@@]12C[C@@H]1[C@@H](n1cnc3c(NC)nc(C#Cc4ccc(F)c(F)c4)nc31)[C@H](O)[C@@H]2O,,,CHEMBL4007505,J Med Chem,2017,,CHEMBL2064645,,CHEMBL2064645,,0,http://qudt.org/vocab/unit#Percent,2991342,=,1,0,=,,Activity,%,,690.0,CHEMBL238,Homo sapiens,Dopamine transporter,9606,,,Activity,%,UO_0000187,,690.0
,18050232,[],CHEMBL4011340,Enhancing of [125I]RTI-55 binding to recombinant human DAT expressed in HEK293 cell membranes preincubated for 10 mins followed by radioligand addition measured after 90 mins by micro beta scintillation counting analysis,B,,,BAO_0001103,BAO_0000219,cell-based format,CNC(=O)[C@@]12C[C@@H]1[C@@H](n1cnc3c(NC)nc(C#Cc4ccc(Cl)s4)cc31)[C@H](O)[C@@H]2O,,,CHEMBL4007505,J Med Chem,2017,,CHEMBL4071867,,CHEMBL4071867,,0,http://qudt.org/vocab/unit#Percent,2991344,=,1,0,=,,Activity,%,,437.0,CHEMBL238,Homo sapiens,Dopamine transporter,9606,,,Activity,%,UO_0000187,,437.0
,18050233,[],CHEMBL4011340,Enhancing of [125I]RTI-55 binding to recombinant human DAT expressed in HEK293 cell membranes preincubated for 10 mins followed by radioligand addition measured after 90 mins by micro beta scintillation counting analysis,B,,,BAO_0001103,BAO_0000219,cell-based format,CCCNc1nc(C#Cc2ccc(Cl)s2)nc2c1ncn2[C@H]1[C@H](O)[C@H](O)[C@]2(C(=O)NC)C[C@H]12,,,CHEMBL4007505,J Med Chem,2017,,CHEMBL3612932,,CHEMBL3612932,,0,http://qudt.org/vocab/unit#Percent,2991345,=,1,0,=,,Activity,%,,268.0,CHEMBL238,Homo sapiens,Dopamine transporter,9606,,,Activity,%,UO_0000187,,268.0
,18050234,[],CHEMBL4011340,Enhancing of [125I]RTI-55 binding to recombinant human DAT expressed in HEK293 cell membranes preincubated for 10 mins followed by radioligand addition measured after 90 mins by micro beta scintillation counting analysis,B,,,BAO_0001103,BAO_0000219,cell-based format,CNc1nc(C#Cc2ccc(Cl)s2)nc2c1ncn2[C@H]1[C@H](O)[C@H](O)[C@]2(C(=O)OC)C[C@H]12,,,CHEMBL4007505,J Med Chem,2017,,CHEMBL4066973,,CHEMBL4066973,,0,http://qudt.org/vocab/unit#Percent,2991347,=,1,0,=,,Activity,%,,458.0,CHEMBL238,Homo sapiens,Dopamine transporter,9606,,,Activity,%,UO_0000187,,458.0
,18050235,[],CHEMBL4011340,Enhancing of [125I]RTI-55 binding to recombinant human DAT expressed in HEK293 cell membranes preincubated for 10 mins followed by radioligand addition measured after 90 mins by micro beta scintillation counting analysis,B,,,BAO_0001103,BAO_0000219,cell-based format,CCOC(=O)[C@@]12C[C@@H]1[C@@H](n1cnc3c(NC)nc(C#Cc4ccc(Cl)s4)nc31)[C@H](O)[C@@H]2O,,,CHEMBL4007505,J Med Chem,2017,,CHEMBL4093756,,CHEMBL4093756,,0,http://qudt.org/vocab/unit#Percent,2991348,=,1,0,=,,Activity,%,,434.0,CHEMBL238,Homo sapiens,Dopamine transporter,9606,,,Activity,%,UO_0000187,,434.0
,18050236,[],CHEMBL4011340,Enhancing of [125I]RTI-55 binding to recombinant human DAT expressed in HEK293 cell membranes preincubated for 10 mins followed by radioligand addition measured after 90 mins by micro beta scintillation counting analysis,B,,,BAO_0001103,BAO_0000219,cell-based format,CNc1nc(C#Cc2ccc(Br)s2)nc2c1ncn2[C@H]1[C@H](O)[C@H](O)[C@]2(C(=O)OC)C[C@H]12,,,CHEMBL4007505,J Med Chem,2017,,CHEMBL4071830,,CHEMBL4071830,,0,http://qudt.org/vocab/unit#Percent,2991349,=,1,0,=,,Activity,%,,374.0,CHEMBL238,Homo sapiens,Dopamine transporter,9606,,,Activity,%,UO_0000187,,374.0
,18050237,[],CHEMBL4011340,Enhancing of [125I]RTI-55 binding to recombinant human DAT expressed in HEK293 cell membranes preincubated for 10 mins followed by radioligand addition measured after 90 mins by micro beta scintillation counting analysis,B,,,BAO_0001103,BAO_0000219,cell-based format,CCCOC(=O)[C@@]12C[C@@H]1[C@@H](n1cnc3c(NC)nc(C#Cc4ccc(Cl)s4)nc31)[C@H](O)[C@@H]2O,,,CHEMBL4007505,J Med Chem,2017,,CHEMBL4105127,,CHEMBL4105127,,0,http://qudt.org/vocab/unit#Percent,2991352,=,1,0,=,,Activity,%,,461.0,CHEMBL238,Homo sapiens,Dopamine transporter,9606,,,Activity,%,UO_0000187,,461.0
,18050238,[],CHEMBL4011340,Enhancing of [125I]RTI-55 binding to recombinant human DAT expressed in HEK293 cell membranes preincubated for 10 mins followed by radioligand addition measured after 90 mins by micro beta scintillation counting analysis,B,,,BAO_0001103,BAO_0000219,cell-based format,CNc1nc(C#Cc2ccc(Cl)s2)nc2c1ncn2[C@@H]1O[C@H](C(=O)OC)[C@@H](O)[C@H]1O,,,CHEMBL4007505,J Med Chem,2017,,CHEMBL4092411,,CHEMBL4092411,,0,http://qudt.org/vocab/unit#Percent,2991337,=,1,0,=,,Activity,%,,312.0,CHEMBL238,Homo sapiens,Dopamine transporter,9606,,,Activity,%,UO_0000187,,312.0
,18050253,[],CHEMBL4011341,Enhancing of [3H]mazindol binding to recombinant human DAT expressed in HEK293 cell membranes preincubated for 10 mins followed by radioligand addition measured after 90 mins by micro beta scintillation counting analysis,B,,,BAO_0001103,BAO_0000219,cell-based format,CNC(=O)[C@@]12C[C@@H]1[C@@H](n1cnc3c(NC)nc(C#Cc4ccc(Cl)s4)nc31)[C@H](O)[C@@H]2O,,,CHEMBL4007505,J Med Chem,2017,,CHEMBL3407784,,CHEMBL3407784,,0,http://qudt.org/vocab/unit#Percent,2991340,=,1,0,=,,Activity,%,,403.0,CHEMBL238,Homo sapiens,Dopamine transporter,9606,,,Activity,%,UO_0000187,,403.0
,18050254,[],CHEMBL4011341,Enhancing of [3H]mazindol binding to recombinant human DAT expressed in HEK293 cell membranes preincubated for 10 mins followed by radioligand addition measured after 90 mins by micro beta scintillation counting analysis,B,,,BAO_0001103,BAO_0000219,cell-based format,CNC(=O)[C@@]12C[C@@H]1[C@@H](n1cnc3c(NC)nc(C#Cc4ccc(Br)s4)nc31)[C@H](O)[C@@H]2O,,,CHEMBL4007505,J Med Chem,2017,,CHEMBL3407785,,CHEMBL3407785,,0,http://qudt.org/vocab/unit#Percent,2991341,=,1,0,=,,Activity,%,,369.0,CHEMBL238,Homo sapiens,Dopamine transporter,9606,,,Activity,%,UO_0000187,,369.0
,18050255,[],CHEMBL4011341,Enhancing of [3H]mazindol binding to recombinant human DAT expressed in HEK293 cell membranes preincubated for 10 mins followed by radioligand addition measured after 90 mins by micro beta scintillation counting analysis,B,,,BAO_0001103,BAO_0000219,cell-based format,CNC(=O)[C@@]12C[C@@H]1[C@@H](n1cnc3c(NC)nc(C#Cc4ccc(F)c(F)c4)nc31)[C@H](O)[C@@H]2O,,,CHEMBL4007505,J Med Chem,2017,,CHEMBL2064645,,CHEMBL2064645,,0,http://qudt.org/vocab/unit#Percent,2991342,=,1,0,=,,Activity,%,,438.0,CHEMBL238,Homo sapiens,Dopamine transporter,9606,,,Activity,%,UO_0000187,,438.0
,18050256,[],CHEMBL4011341,Enhancing of [3H]mazindol binding to recombinant human DAT expressed in HEK293 cell membranes preincubated for 10 mins followed by radioligand addition measured after 90 mins by micro beta scintillation counting analysis,B,,,BAO_0001103,BAO_0000219,cell-based format,CNC(=O)[C@@]12C[C@@H]1[C@@H](n1cnc3c(NC)nc(C#Cc4ccc(Cl)s4)cc31)[C@H](O)[C@@H]2O,,,CHEMBL4007505,J Med Chem,2017,,CHEMBL4071867,,CHEMBL4071867,,0,http://qudt.org/vocab/unit#Percent,2991344,=,1,0,=,,Activity,%,,405.0,CHEMBL238,Homo sapiens,Dopamine transporter,9606,,,Activity,%,UO_0000187,,405.0
Not Determined,18050257,[],CHEMBL4011341,Enhancing of [3H]mazindol binding to recombinant human DAT expressed in HEK293 cell membranes preincubated for 10 mins followed by radioligand addition measured after 90 mins by micro beta scintillation counting analysis,B,,,BAO_0000375,BAO_0000219,cell-based format,CCCNc1nc(C#Cc2ccc(Cl)s2)nc2c1ncn2[C@H]1[C@H](O)[C@H](O)[C@]2(C(=O)NC)C[C@H]12,,,CHEMBL4007505,J Med Chem,2017,,CHEMBL3612932,,CHEMBL3612932,,0,,2991345,,1,0,,,Activity,,,,CHEMBL238,Homo sapiens,Dopamine transporter,9606,,,Activity,,,,
,18050258,[],CHEMBL4011341,Enhancing of [3H]mazindol binding to recombinant human DAT expressed in HEK293 cell membranes preincubated for 10 mins followed by radioligand addition measured after 90 mins by micro beta scintillation counting analysis,B,,,BAO_0001103,BAO_0000219,cell-based format,CNc1nc(C#Cc2ccc(Cl)s2)nc2c1ncn2[C@H]1[C@H](O)[C@H](O)[C@]2(C(=O)OC)C[C@H]12,,,CHEMBL4007505,J Med Chem,2017,,CHEMBL4066973,,CHEMBL4066973,,0,http://qudt.org/vocab/unit#Percent,2991347,=,1,0,=,,Activity,%,,540.0,CHEMBL238,Homo sapiens,Dopamine transporter,9606,,,Activity,%,UO_0000187,,540.0
,18050259,[],CHEMBL4011341,Enhancing of [3H]mazindol binding to recombinant human DAT expressed in HEK293 cell membranes preincubated for 10 mins followed by radioligand addition measured after 90 mins by micro beta scintillation counting analysis,B,,,BAO_0001103,BAO_0000219,cell-based format,CCOC(=O)[C@@]12C[C@@H]1[C@@H](n1cnc3c(NC)nc(C#Cc4ccc(Cl)s4)nc31)[C@H](O)[C@@H]2O,,,CHEMBL4007505,J Med Chem,2017,,CHEMBL4093756,,CHEMBL4093756,,0,http://qudt.org/vocab/unit#Percent,2991348,=,1,0,=,,Activity,%,,455.0,CHEMBL238,Homo sapiens,Dopamine transporter,9606,,,Activity,%,UO_0000187,,455.0
,18050260,[],CHEMBL4011341,Enhancing of [3H]mazindol binding to recombinant human DAT expressed in HEK293 cell membranes preincubated for 10 mins followed by radioligand addition measured after 90 mins by micro beta scintillation counting analysis,B,,,BAO_0001103,BAO_0000219,cell-based format,CNc1nc(C#Cc2ccc(Br)s2)nc2c1ncn2[C@H]1[C@H](O)[C@H](O)[C@]2(C(=O)OC)C[C@H]12,,,CHEMBL4007505,J Med Chem,2017,,CHEMBL4071830,,CHEMBL4071830,,0,http://qudt.org/vocab/unit#Percent,2991349,=,1,0,=,,Activity,%,,520.0,CHEMBL238,Homo sapiens,Dopamine transporter,9606,,,Activity,%,UO_0000187,,520.0
,18050261,[],CHEMBL4011341,Enhancing of [3H]mazindol binding to recombinant human DAT expressed in HEK293 cell membranes preincubated for 10 mins followed by radioligand addition measured after 90 mins by micro beta scintillation counting analysis,B,,,BAO_0001103,BAO_0000219,cell-based format,CCCOC(=O)[C@@]12C[C@@H]1[C@@H](n1cnc3c(NC)nc(C#Cc4ccc(Cl)s4)nc31)[C@H](O)[C@@H]2O,,,CHEMBL4007505,J Med Chem,2017,,CHEMBL4105127,,CHEMBL4105127,,0,http://qudt.org/vocab/unit#Percent,2991352,=,1,0,=,,Activity,%,,347.0,CHEMBL238,Homo sapiens,Dopamine transporter,9606,,,Activity,%,UO_0000187,,347.0
,18050262,[],CHEMBL4011341,Enhancing of [3H]mazindol binding to recombinant human DAT expressed in HEK293 cell membranes preincubated for 10 mins followed by radioligand addition measured after 90 mins by micro beta scintillation counting analysis,B,,,BAO_0001103,BAO_0000219,cell-based format,CNc1nc(C#Cc2ccc(Cl)s2)nc2c1ncn2[C@@H]1O[C@H](C(=O)OC)[C@@H](O)[C@H]1O,,,CHEMBL4007505,J Med Chem,2017,,CHEMBL4092411,,CHEMBL4092411,,0,http://qudt.org/vocab/unit#Percent,2991337,=,1,0,=,,Activity,%,,269.0,CHEMBL238,Homo sapiens,Dopamine transporter,9606,,,Activity,%,UO_0000187,,269.0
Non-Toxic,18145068,[],CHEMBL4032124,Substrate activity at human DAT expressed in HEK293 cells assessed as induction of DAT-mediated [3H]MPP+ release at 10 uM measured every 2 mins by liquid scintillation counting,A,,,BAO_0000375,BAO_0000219,cell-based format,Cc1nc(O)cc(C[S+]([O-])C(c2ccccc2)c2ccccc2)n1,,,CHEMBL4028886,J Med Chem,2017,,CHEMBL4077643,,CHEMBL4077643,,0,,3009927,,1,0,,,Activity,,,,CHEMBL238,Homo sapiens,Dopamine transporter,9606,,,Activity,,,,
Non-Toxic,18145069,[],CHEMBL4032124,Substrate activity at human DAT expressed in HEK293 cells assessed as induction of DAT-mediated [3H]MPP+ release at 10 uM measured every 2 mins by liquid scintillation counting,A,,,BAO_0000375,BAO_0000219,cell-based format,[O-][S+](Cc1cccs1)C(c1ccccc1)c1ccccc1,,,CHEMBL4028886,J Med Chem,2017,,CHEMBL4084700,,CHEMBL4084700,,0,,3009942,,1,0,,,Activity,,,,CHEMBL238,Homo sapiens,Dopamine transporter,9606,,,Activity,,,,
Toxic,18145070,[],CHEMBL4032124,Substrate activity at human DAT expressed in HEK293 cells assessed as induction of DAT-mediated [3H]MPP+ release at 10 uM measured every 2 mins by liquid scintillation counting,A,,,BAO_0000375,BAO_0000219,cell-based format,C[C@H](N)Cc1ccccc1,,,CHEMBL4028886,J Med Chem,2017,,CHEMBL612,DEXTROAMPHETAMINE,CHEMBL612,,0,,3009951,,1,0,,,Activity,,,,CHEMBL238,Homo sapiens,Dopamine transporter,9606,,,Activity,,,,
Non-Toxic,18145071,[],CHEMBL4032125,Substrate activity at human DAT expressed in HEK293 cells assessed as induction of DAT-mediated [3H]MPP+ release at 10 uM measured every 2 mins in presence of monensin by liquid scintillation counting,A,,,BAO_0000375,BAO_0000219,cell-based format,Cc1nc(O)cc(C[S+]([O-])C(c2ccccc2)c2ccccc2)n1,,,CHEMBL4028886,J Med Chem,2017,,CHEMBL4077643,,CHEMBL4077643,,0,,3009927,,1,0,,,Activity,,,,CHEMBL238,Homo sapiens,Dopamine transporter,9606,,,Activity,,,,
Non-Toxic,18145072,[],CHEMBL4032125,Substrate activity at human DAT expressed in HEK293 cells assessed as induction of DAT-mediated [3H]MPP+ release at 10 uM measured every 2 mins in presence of monensin by liquid scintillation counting,A,,,BAO_0000375,BAO_0000219,cell-based format,[O-][S+](Cc1cccs1)C(c1ccccc1)c1ccccc1,,,CHEMBL4028886,J Med Chem,2017,,CHEMBL4084700,,CHEMBL4084700,,0,,3009942,,1,0,,,Activity,,,,CHEMBL238,Homo sapiens,Dopamine transporter,9606,,,Activity,,,,
,18282271,[],CHEMBL4120230,Binding affinity to recombinant human dopamine transporter at 10 uM relative to control,B,,,BAO_0001103,BAO_0000357,single protein format,CC(C)n1nc(-c2cnc(N)c(OC(F)(F)F)c2)cc1[C@@H]1[C@H]2CN(C3COC3)C[C@H]21,,,CHEMBL4118097,J Med Chem,2017,,CHEMBL3719135,,CHEMBL3719135,,0,http://qudt.org/vocab/unit#Percent,3034512,>,1,0,>,,Activity,%,,50.0,CHEMBL238,Homo sapiens,Dopamine transporter,9606,,,Activity,%,UO_0000187,,50.0
,18282592,[],CHEMBL4120230,Binding affinity to recombinant human dopamine transporter at 10 uM relative to control,B,,,BAO_0001103,BAO_0000357,single protein format,Nc1ncc(-c2cc([C@@H]3[C@H]4CN(C5COC5)C[C@H]43)n(CC3CC3)n2)cc1C(F)(F)F,,,CHEMBL4118097,J Med Chem,2017,,CHEMBL3715238,,CHEMBL3715238,,0,http://qudt.org/vocab/unit#Percent,3034522,>,1,0,>,,Activity,%,,50.0,CHEMBL238,Homo sapiens,Dopamine transporter,9606,,,Activity,%,UO_0000187,,50.0
,18375417,[],CHEMBL4144403,Activity at DAT (unknown origin),B,,,BAO_0000181,BAO_0000357,single protein format,O[C@@H]1CO[C@@H]2[C@H](Oc3nc4nc(-c5ccc(-c6ccccc6)cc5)c(Cl)cc4[nH]3)CO[C@H]12,,,CHEMBL4138270,ACS Med Chem Lett,2018,,CHEMBL4167177,,CHEMBL4167177,,0,http://www.openphacts.org/units/Micromolar,3049947,=,1,0,=,,Activity,uM,,3.0,CHEMBL238,Homo sapiens,Dopamine transporter,9606,,,Activity,uM,UO_0000064,10.0,3.0
,18451851,[],CHEMBL4178669,Displacement of [3H]BTCP from recombinant human DAT at 1 uM after 120 mins by scintillation counting analysis relative to control,B,,,BAO_0001103,BAO_0000357,single protein format,CC(C)c1ccccc1OCCCN1CCC(NS(=O)(=O)c2ccc(F)cc2)CC1,,,CHEMBL4177556,Bioorg Med Chem,2017,,CHEMBL4216126,,CHEMBL4216126,,0,http://qudt.org/vocab/unit#Percent,3062233,<,1,0,<,,Activity,%,,10.0,CHEMBL238,Homo sapiens,Dopamine transporter,9606,,,Activity,%,UO_0000187,,10.0
,18451852,[],CHEMBL4178669,Displacement of [3H]BTCP from recombinant human DAT at 1 uM after 120 mins by scintillation counting analysis relative to control,B,,,BAO_0001103,BAO_0000357,single protein format,O=S(=O)(NC1CCN(CC(O)COc2ccccc2-c2ccccc2)CC1)c1cccc(Cl)c1,,,CHEMBL4177556,Bioorg Med Chem,2017,,CHEMBL4212199,,CHEMBL4212199,,0,http://qudt.org/vocab/unit#Percent,3062238,<,1,0,<,,Activity,%,,40.0,CHEMBL238,Homo sapiens,Dopamine transporter,9606,,,Activity,%,UO_0000187,,40.0
,18488671,[],CHEMBL4187151,Binding affinity to dopamine transporter (unknown origin) at 10 uM relative to control,B,,,BAO_0001103,BAO_0000357,single protein format,CCOc1c(Cl)cc(C(=O)Nc2ccc(C(=O)O)c(C)c2)cc1OC(C)C,,,CHEMBL4184197,Bioorg Med Chem,2018,,CHEMBL4202767,,CHEMBL4202767,,0,http://qudt.org/vocab/unit#Percent,3068927,<=,1,0,<=,,Activity,%,,25.0,CHEMBL238,Homo sapiens,Dopamine transporter,9606,,,Activity,%,UO_0000187,,25.0
Active,19151436,[],CHEMBL4380190,Substrate activity at human DAT expressed in HEK293 cells preloaded with [3H]-MPP+ assessed as increase in tritium efflux at 3 uM measured every 4 mins by liquid scintillation counting analysis,A,,,BAO_0000375,BAO_0000219,cell-based format,C[C@H](N)Cc1ccccc1,,,CHEMBL4376858,J Med Chem,2020,,CHEMBL612,DEXTROAMPHETAMINE,CHEMBL612,,0,,3196302,,1,0,,,Activity,,,,CHEMBL238,Homo sapiens,Dopamine transporter,9606,,,Activity,,,,
Not Active,19151457,[],CHEMBL4380211,Substrate activity at human DAT expressed in HEK293 cells preloaded with [3H]-MPP+ assessed as increase in tritium efflux at 10 uM measured every 4 mins by liquid scintillation counting analysis,A,,,BAO_0000375,BAO_0000219,cell-based format,[O-][S@@+](Cc1cscn1)[C@@H](c1ccccc1)c1ccc(Br)cc1,,,CHEMBL4376858,J Med Chem,2020,,CHEMBL4465494,,CHEMBL4465494,,0,,3196297,,1,0,,,Activity,,,,CHEMBL238,Homo sapiens,Dopamine transporter,9606,,,Activity,,,,
Not Active,19176488,[],CHEMBL4386135,Binding affinity to dopamine transporter (unknown origin) at 1 uM,B,,,BAO_0000375,BAO_0000357,single protein format,COC1Cc2ccccc2[C@]2(CC[C@@H](N(C)CC3CCCCC3)CC2)O1,,,CHEMBL4385605,J Med Chem,2019,,CHEMBL4576927,,CHEMBL4576927,,0,,3200517,,1,0,,,Activity,,,,CHEMBL238,Homo sapiens,Dopamine transporter,9606,,,Activity,,,,
Not Active,19176489,[],CHEMBL4386135,Binding affinity to dopamine transporter (unknown origin) at 1 uM,B,,,BAO_0000375,BAO_0000357,single protein format,COC1Cc2ccccc2[C@]2(CC[C@H](N(C)CC3CCCCC3)CC2)O1,,,CHEMBL4385605,J Med Chem,2019,,CHEMBL4562252,,CHEMBL4562252,,0,,3200518,,1,0,,,Activity,,,,CHEMBL238,Homo sapiens,Dopamine transporter,9606,,,Activity,,,,
Not Active,19176490,[],CHEMBL4386135,Binding affinity to dopamine transporter (unknown origin) at 1 uM,B,,,BAO_0000375,BAO_0000357,single protein format,COC1Cc2ccccc2[C@]2(CC[C@@H](N(C)Cc3ccccc3)CC2)O1,,,CHEMBL4385605,J Med Chem,2019,,CHEMBL1779999,,CHEMBL1779999,,0,,3200529,,1,0,,,Activity,,,,CHEMBL238,Homo sapiens,Dopamine transporter,9606,,,Activity,,,,
Not Active,19176491,[],CHEMBL4386135,Binding affinity to dopamine transporter (unknown origin) at 1 uM,B,,,BAO_0000375,BAO_0000357,single protein format,COC1Cc2ccccc2[C@]2(CC[C@H](N(C)Cc3ccccc3)CC2)O1,,,CHEMBL4385605,J Med Chem,2019,,CHEMBL1780000,,CHEMBL1780000,,0,,3200530,,1,0,,,Activity,,,,CHEMBL238,Homo sapiens,Dopamine transporter,9606,,,Activity,,,,
,20695117,[],CHEMBL4626588,Binding affinity to human dopamine transporter at 10 uM relative to control,A,,,BAO_0001103,BAO_0000357,single protein format,O=C1c2c(O)c(=O)ccn2N(C(c2ccccc2)c2ccccc2)[C@@H]2COCCN12,,,CHEMBL4622979,J Med Chem,2020,,CHEMBL4645810,,CHEMBL4645810,,0,http://qudt.org/vocab/unit#Percent,3485629,=,1,0,=,,Activity,%,,71.7,CHEMBL238,Homo sapiens,Dopamine transporter,9606,,,Activity,%,UO_0000187,,71.7
,22392942,"[{'comments': None, 'relation': '=', 'result_flag': 0, 'standard_relation': '=', 'standard_text_value': None, 'standard_type': 'Dose', 'standard_units': 'microM', 'standard_value': '10.0', 'text_value': None, 'type': 'Dose', 'units': 'microM', 'value': '10.0'}, {'comments': None, 'relation': '=', 'result_flag': 0, 'standard_relation': '=', 'standard_text_value': None, 'standard_type': 'TIME', 'standard_units': 'hr', 'standard_value': '3.0', 'text_value': None, 'type': 'Time', 'units': 'min', 'value': '180.0'}]",CHEMBL4667490,Displacement of [125I]RTI-55 from full length recombinant human dopamine transporter expressed in CHO-S cells assessed as residual binding level for radioligand at 10 uM after 180 mins by radiometric scintillation analysis relative to control,B,,,BAO_0001103,BAO_0000219,cell-based format,COc1nnc2sc(C(=O)NC3CN(c4ncc(C(F)(F)F)cn4)C3)c(N)c2c1C,,,CHEMBL4665653,Bioorg Med Chem Lett,2019,,CHEMBL4795177,,CHEMBL4795177,,0,http://qudt.org/vocab/unit#Percent,3507672,>,1,0,>,,Activity,%,,50.0,CHEMBL238,Homo sapiens,Dopamine transporter,9606,,,Activity,%,UO_0000187,,50.0
Not Active,22787604,"[{'comments': None, 'relation': '=', 'result_flag': 0, 'standard_relation': '=', 'standard_text_value': None, 'standard_type': 'Dose', 'standard_units': 'micromol/L', 'standard_value': '10.0', 'text_value': None, 'type': 'Dose', 'units': 'micromol/L', 'value': '10.0'}]",CHEMBL4708769,Binding affinity to dopamine transporter (unknown origin) 10 umol/L by radioligand binding assay,B,,,BAO_0000375,BAO_0000357,single protein format,N[C@@]1(C(=O)O)[C@@H](F)C[C@H]2[C@H](C(=O)O)[C@H]21,,,CHEMBL4706518,Eur J Med Chem,2020,,CHEMBL334014,,CHEMBL334014,,0,,3538293,,1,0,,,Activity,,,,CHEMBL238,Homo sapiens,Dopamine transporter,9606,,,Activity,,,,
Not Active,22787605,"[{'comments': None, 'relation': '=', 'result_flag': 0, 'standard_relation': '=', 'standard_text_value': None, 'standard_type': 'Dose', 'standard_units': 'micromol/L', 'standard_value': '10.0', 'text_value': None, 'type': 'Dose', 'units': 'micromol/L', 'value': '10.0'}]",CHEMBL4708769,Binding affinity to dopamine transporter (unknown origin) 10 umol/L by radioligand binding assay,B,,,BAO_0000375,BAO_0000357,single protein format,CC(C)[C@@H]1CC[C@@H](C)C[C@H]1OC(=O)O[C@@H](C)OC(=O)[C@@H]1[C@@H]2[C@H]1C[C@H](F)[C@@]2(N)C(=O)O,,,CHEMBL4706518,Eur J Med Chem,2020,,CHEMBL4793451,,CHEMBL4793451,,0,,3538303,,1,0,,,Activity,,,,CHEMBL238,Homo sapiens,Dopamine transporter,9606,,,Activity,,,,
Active,23226864,[],CHEMBL4825613,Binding affinity to dopamine transporter (unknown origin),B,,,BAO_0000375,BAO_0000357,single protein format,CCC[C@H](c1nc2ccc(Br)cc2c(=O)n1CC)N1CCN[C@@H](C)C1,,,CHEMBL4823330,ACS Med Chem Lett,2021,,CHEMBL4864739,,CHEMBL4864739,,0,,3612825,,1,0,,,Activity,,,,CHEMBL238,Homo sapiens,Dopamine transporter,9606,,,Activity,,,,
Active,23226865,[],CHEMBL4825613,Binding affinity to dopamine transporter (unknown origin),B,,,BAO_0000375,BAO_0000357,single protein format,CCC[C@H](c1nc2ccc(Br)cc2c(=O)n1CC)N1CCN[C@H](C)C1,,,CHEMBL4823330,ACS Med Chem Lett,2021,,CHEMBL4847073,,CHEMBL4847073,,0,,3612826,,1,0,,,Activity,,,,CHEMBL238,Homo sapiens,Dopamine transporter,9606,,,Activity,,,,
